{"stats":{"minecraft:broken":{"minecraft:iron_axe":4,"minecraft:stone_axe":1},"minecraft:custom":{"minecraft:mob_kills":80,"minecraft:animals_bred":2,"minecraft:interact_with_crafting_table":39,"minecraft:bell_ring":65,"minecraft:leave_game":3,"minecraft:time_since_death":199535,"minecraft:sprint_one_cm":646369,"minecraft:walk_one_cm":399625,"minecraft:damage_blocked_by_shield":728,"minecraft:drop":799,"minecraft:talked_to_villager":53,"minecraft:play_time":200283,"minecraft:deaths":1,"minecraft:sneak_time":19950,"minecraft:walk_under_water_one_cm":4508,"minecraft:jump":3848,"minecraft:walk_on_water_one_cm":9206,"minecraft:total_world_time":200283,"minecraft:interact_with_furnace":11,"minecraft:traded_with_villager":274,"minecraft:sleep_in_bed":12,"minecraft:time_since_rest":32001,"minecraft:damage_taken":1575,"minecraft:damage_dealt":25256,"minecraft:swim_one_cm":13396,"minecraft:player_kills":1,"minecraft:fly_one_cm":798336,"minecraft:open_chest":71,"minecraft:crouch_one_cm":42895,"minecraft:fall_one_cm":80696},"minecraft:mined":{"minecraft:white_bed":3,"minecraft:deepslate_diamond_ore":4,"minecraft:cobblestone_stairs":3,"minecraft:granite":5,"minecraft:grass_block":12,"minecraft:spruce_leaves":210,"minecraft:composter":7,"minecraft:mangrove_propagule":2,"minecraft:hay_block":12,"minecraft:redstone_ore":4,"minecraft:carrots":8,"minecraft:iron_ore":57,"minecraft:andesite":57,"minecraft:stripped_spruce_log":3,"minecraft:bell":3,"minecraft:potatoes":8,"minecraft:dirt_path":9,"minecraft:stripped_oak_log":1,"minecraft:stone":169,"minecraft:white_wool":17,"minecraft:smithing_table":1,"minecraft:crafting_table":4,"minecraft:poppy":2,"minecraft:tall_grass":14,"minecraft:cobblestone":46,"minecraft:lapis_ore":2,"minecraft:sugar_cane":4,"minecraft:oak_planks":24,"minecraft:diorite":22,"minecraft:wall_torch":8,"minecraft:wheat":14,"minecraft:spruce_log":705,"minecraft:yellow_bed":6,"minecraft:grass":111,"minecraft:oak_log":83,"minecraft:coal_ore":56,"minecraft:gravel":130,"minecraft:dirt":7,"minecraft:deepslate":5,"minecraft:oak_leaves":2},"minecraft:picked_up":{"minecraft:crafting_table":5,"minecraft:wheat":11,"minecraft:chicken":3,"minecraft:smithing_table":2,"minecraft:lead":9,"minecraft:oak_stairs":2,"minecraft:string":2,"minecraft:iron_axe":1,"minecraft:iron_shovel":1,"minecraft:cobbled_deepslate":5,"minecraft:spruce_planks":548,"minecraft:beef":30,"minecraft:light_gray_wool":2,"minecraft:poppy":19,"minecraft:iron_pickaxe":1,"minecraft:sugar_cane":9,"minecraft:birch_sapling":1,"minecraft:furnace":1,"minecraft:iron_boots":1,"minecraft:egg":18,"minecraft:stick":1141,"minecraft:raw_iron":67,"minecraft:oak_door":3,"minecraft:composter":7,"minecraft:oak_fence":30,"minecraft:torch":9,"minecraft:porkchop":9,"minecraft:diorite":22,"minecraft:carrot":23,"minecraft:redstone":22,"minecraft:arrow":13,"minecraft:rotten_flesh":14,"minecraft:music_disc_ward":1,"minecraft:shears":1,"minecraft:hay_block":27,"minecraft:mutton":28,"minecraft:white_wool":41,"minecraft:cobblestone":235,"minecraft:stripped_oak_log":17,"minecraft:feather":4,"minecraft:andesite":57,"minecraft:leather":18,"minecraft:potato":23,"minecraft:flint":13,"minecraft:oak_log":90,"minecraft:yellow_bed":6,"minecraft:gunpowder":3,"minecraft:cobblestone_stairs":3,"minecraft:lapis_lazuli":21,"minecraft:dirt":40,"minecraft:bone":13,"minecraft:bow":2,"minecraft:wheat_seeds":128,"minecraft:bell":3,"minecraft:stone_pickaxe":1,"minecraft:oak_fence_gate":1,"minecraft:iron_ingot":84,"minecraft:oak_planks":24,"minecraft:cooked_porkchop":1,"minecraft:gravel":118,"minecraft:stripped_spruce_log":5,"minecraft:spruce_sapling":54,"minecraft:white_bed":3,"minecraft:spruce_log":717,"minecraft:diamond":3,"minecraft:granite":6,"minecraft:grass":20,"minecraft:gray_wool":1,"minecraft:black_wool":2,"minecraft:mangrove_propagule":2,"minecraft:coal":62},"minecraft:killed_by":{"minecraft:stray":1},"minecraft:used":{"minecraft:oak_fence":26,"minecraft:iron_shovel":13,"minecraft:stone_shovel":117,"minecraft:poppy":2,"minecraft:chest":3,"minecraft:spruce_planks":4,"minecraft:shield":32,"minecraft:bell":3,"minecraft:stone_hoe":13,"minecraft:iron_chestplate":1,"minecraft:torch":35,"minecraft:dirt":49,"minecraft:mutton":3,"minecraft:carrot":25,"minecraft:oak_fence_gate":1,"minecraft:stripped_spruce_log":2,"minecraft:wooden_axe":1,"minecraft:iron_axe":988,"minecraft:iron_helmet":1,"minecraft:light_gray_wool":2,"minecraft:beef":3,"minecraft:furnace":1,"minecraft:egg":16,"minecraft:potato":1,"minecraft:cooked_beef":3,"minecraft:wheat_seeds":61,"minecraft:cooked_mutton":14,"minecraft:cobblestone_stairs":23,"minecraft:stone_pickaxe":86,"minecraft:oak_planks":235,"minecraft:wooden_pickaxe":29,"minecraft:sugar_cane":9,"minecraft:fletching_table":4,"minecraft:white_wool":23,"minecraft:crafting_table":7,"minecraft:white_bed":6,"minecraft:shears":3,"minecraft:spruce_log":15,"minecraft:chicken":1,"minecraft:mangrove_propagule":3,"minecraft:bread":22,"minecraft:iron_pickaxe":331,"minecraft:gravel":139,"minecraft:spruce_sapling":48,"minecraft:stone_axe":133,"minecraft:cobblestone":57,"minecraft:smithing_table":3,"minecraft:yellow_bed":6,"minecraft:gray_wool":1,"minecraft:bone_meal":6},"minecraft:killed":{"minecraft:spider":2,"minecraft:skeleton":11,"minecraft:chicken":4,"minecraft:pig":6,"minecraft:iron_golem":18,"minecraft:creeper":1,"minecraft:sheep":12,"minecraft:trader_llama":2,"minecraft:zombie":9,"minecraft:cow":14},"minecraft:crafted":{"minecraft:oak_planks":332,"minecraft:mangrove_propagule":1,"minecraft:stone_shovel":37,"minecraft:cobblestone_stairs":20,"minecraft:bone_meal":6,"minecraft:cooked_mutton":15,"minecraft:bow":2,"minecraft:iron_boots":2,"minecraft:iron_axe":6,"minecraft:stone_pickaxe":2,"minecraft:chest":3,"minecraft:stone_hoe":1,"minecraft:wheat":243,"minecraft:cooked_beef":3,"minecraft:emerald":177,"minecraft:arrow":32,"minecraft:crafting_table":2,"minecraft:spruce_planks":2820,"minecraft:iron_helmet":2,"minecraft:wooden_pickaxe":1,"minecraft:fletching_table":4,"minecraft:stone_axe":52,"minecraft:bread":96,"minecraft:air":0,"minecraft:iron_chestplate":2,"minecraft:shield":2,"minecraft:stick":5684,"minecraft:iron_pickaxe":5,"minecraft:wooden_axe":2,"minecraft:iron_shovel":5,"minecraft:iron_leggings":2,"minecraft:white_bed":6,"minecraft:torch":64,"minecraft:shears":2},"minecraft:dropped":{"minecraft:stone_hoe":1,"minecraft:iron_ingot":2,"minecraft:bread":101,"minecraft:wheat_seeds":84,"minecraft:smithing_table":1,"minecraft:feather":2,"minecraft:iron_helmet":1,"minecraft:cobblestone":30,"minecraft:lead":2,"minecraft:leather":8,"minecraft:granite":6,"minecraft:flint":1,"minecraft:stick":1106,"minecraft:dirt":9,"minecraft:diorite":22,"minecraft:torch":32,"minecraft:mutton":2,"minecraft:wooden_axe":2,"minecraft:iron_leggings":1,"minecraft:iron_axe":2,"minecraft:iron_pickaxe":3,"minecraft:iron_shovel":2,"minecraft:string":2,"minecraft:bone":6,"minecraft:oak_door":3,"minecraft:stone_axe":49,"minecraft:birch_sapling":1,"minecraft:wheat":1,"minecraft:stone_shovel":37,"minecraft:rotten_flesh":11,"minecraft:oak_planks":5,"minecraft:iron_boots":2,"minecraft:white_bed":3,"minecraft:shears":2,"minecraft:carrot":65,"minecraft:poppy":3,"minecraft:potato":85,"minecraft:shield":1,"minecraft:gunpowder":3,"minecraft:spruce_planks":548,"minecraft:iron_chestplate":1,"minecraft:wooden_pickaxe":1,"minecraft:arrow":17,"minecraft:bow":1,"minecraft:beef":4,"minecraft:stone_pickaxe":2,"minecraft:black_wool":1,"minecraft:egg":2}},"DataVersion":3465}