{"stats":{"minecraft:dropped":{"minecraft:wooden_axe":1},"minecraft:used":{"minecraft:wooden_axe":1,"minecraft:crafting_table":1},"minecraft:picked_up":{"minecraft:crafting_table":1,"minecraft:arrow":1,"minecraft:bone":1,"minecraft:oak_log":6,"minecraft:birch_sapling":1},"minecraft:crafted":{"minecraft:oak_planks":24,"minecraft:crafting_table":1,"minecraft:stick":12,"minecraft:wooden_pickaxe":1,"minecraft:wooden_axe":2},"minecraft:custom":{"minecraft:time_since_rest":3357,"minecraft:crouch_one_cm":748,"minecraft:walk_one_cm":7190,"minecraft:play_time":4067,"minecraft:sprint_one_cm":13643,"minecraft:damage_taken":420,"minecraft:deaths":1,"minecraft:sneak_time":266,"minecraft:walk_under_water_one_cm":243,"minecraft:drop":1,"minecraft:jump":104,"minecraft:damage_dealt":105,"minecraft:walk_on_water_one_cm":159,"minecraft:time_since_death":3319,"minecraft:total_world_time":4067,"minecraft:swim_one_cm":676,"minecraft:interact_with_crafting_table":2,"minecraft:fall_one_cm":1658,"minecraft:fly_one_cm":23379},"minecraft:killed_by":{"minecraft:stray":1},"minecraft:mined":{"minecraft:oak_log":6,"minecraft:crafting_table":1,"minecraft:oak_leaves":2}},"DataVersion":3465}