{"stats":{"minecraft:broken":{"minecraft:stone_axe":1},"minecraft:custom":{"minecraft:interact_with_furnace":7,"minecraft:mob_kills":23,"minecraft:interact_with_crafting_table":10,"minecraft:bell_ring":64,"minecraft:leave_game":1,"minecraft:time_since_death":38411,"minecraft:sleep_in_bed":2,"minecraft:time_since_rest":9163,"minecraft:sprint_one_cm":146563,"minecraft:damage_taken":528,"minecraft:walk_one_cm":77836,"minecraft:drop":16,"minecraft:damage_dealt":4673,"minecraft:swim_one_cm":1108,"minecraft:fly_one_cm":186990,"minecraft:open_chest":3,"minecraft:crouch_one_cm":19361,"minecraft:play_time":39159,"minecraft:deaths":1,"minecraft:sneak_time":5697,"minecraft:walk_under_water_one_cm":907,"minecraft:jump":877,"minecraft:walk_on_water_one_cm":2085,"minecraft:total_world_time":39159,"minecraft:fall_one_cm":18304},"minecraft:mined":{"minecraft:white_bed":1,"minecraft:crafting_table":4,"minecraft:grass_block":1,"minecraft:cobblestone":30,"minecraft:spruce_leaves":44,"minecraft:composter":7,"minecraft:sugar_cane":4,"minecraft:oak_planks":8,"minecraft:wall_torch":1,"minecraft:hay_block":12,"minecraft:yellow_bed":6,"minecraft:bell":3,"minecraft:grass":6,"minecraft:oak_log":60,"minecraft:potatoes":1,"minecraft:coal_ore":22,"minecraft:stone":45,"minecraft:white_wool":7,"minecraft:oak_leaves":2},"minecraft:picked_up":{"minecraft:crafting_table":5,"minecraft:feather":2,"minecraft:chicken":1,"minecraft:leather":10,"minecraft:potato":1,"minecraft:oak_log":60,"minecraft:yellow_bed":6,"minecraft:dirt":1,"minecraft:bone":1,"minecraft:wheat_seeds":4,"minecraft:bell":3,"minecraft:iron_ingot":20,"minecraft:beef":14,"minecraft:stone_pickaxe":1,"minecraft:light_gray_wool":2,"minecraft:poppy":2,"minecraft:sugar_cane":9,"minecraft:birch_sapling":1,"minecraft:oak_planks":5,"minecraft:egg":3,"minecraft:furnace":1,"minecraft:stick":5,"minecraft:composter":7,"minecraft:torch":2,"minecraft:white_bed":1,"minecraft:arrow":1,"minecraft:hay_block":27,"minecraft:gray_wool":1,"minecraft:black_wool":1,"minecraft:mutton":24,"minecraft:coal":22,"minecraft:white_wool":19,"minecraft:cobblestone":97},"minecraft:killed_by":{"minecraft:stray":1},"minecraft:used":{"minecraft:cooked_mutton":2,"minecraft:stone_pickaxe":81,"minecraft:oak_planks":222,"minecraft:wooden_pickaxe":29,"minecraft:bell":3,"minecraft:stone_hoe":13,"minecraft:white_wool":8,"minecraft:torch":2,"minecraft:mutton":3,"minecraft:crafting_table":5,"minecraft:white_bed":1,"minecraft:wooden_axe":1,"minecraft:bread":6,"minecraft:light_gray_wool":2,"minecraft:stone_axe":127,"minecraft:cobblestone":14,"minecraft:beef":3,"minecraft:furnace":1,"minecraft:yellow_bed":6,"minecraft:egg":3,"minecraft:gray_wool":1},"minecraft:killed":{"minecraft:iron_golem":3,"minecraft:sheep":11,"minecraft:chicken":2,"minecraft:cow":7},"minecraft:crafted":{"minecraft:oak_planks":240,"minecraft:crafting_table":1,"minecraft:wooden_pickaxe":1,"minecraft:stone_axe":4,"minecraft:bread":81,"minecraft:cooked_mutton":15,"minecraft:air":0,"minecraft:stick":20,"minecraft:stone_pickaxe":2,"minecraft:wooden_axe":2,"minecraft:stone_hoe":1,"minecraft:wheat":243},"minecraft:dropped":{"minecraft:stone_hoe":1,"minecraft:bread":21,"minecraft:stone_axe":1,"minecraft:wheat_seeds":2,"minecraft:birch_sapling":1,"minecraft:cobblestone":30,"minecraft:dirt":1,"minecraft:wooden_axe":2,"minecraft:arrow":1,"minecraft:stone_pickaxe":2,"minecraft:beef":4,"minecraft:wooden_pickaxe":1,"minecraft:bone":1}},"DataVersion":3465}