{"stats":{"minecraft:broken":{"minecraft:iron_axe":1,"minecraft:stone_axe":1},"minecraft:custom":{"minecraft:interact_with_furnace":11,"minecraft:mob_kills":29,"minecraft:traded_with_villager":34,"minecraft:interact_with_crafting_table":22,"minecraft:bell_ring":64,"minecraft:leave_game":1,"minecraft:time_since_death":74411,"minecraft:sleep_in_bed":5,"minecraft:time_since_rest":3681,"minecraft:sprint_one_cm":250239,"minecraft:damage_taken":673,"minecraft:walk_one_cm":158561,"minecraft:damage_blocked_by_shield":153,"minecraft:drop":654,"minecraft:damage_dealt":9736,"minecraft:talked_to_villager":10,"minecraft:swim_one_cm":2402,"minecraft:fly_one_cm":302191,"minecraft:open_chest":19,"minecraft:crouch_one_cm":25251,"minecraft:play_time":75159,"minecraft:deaths":1,"minecraft:sneak_time":9561,"minecraft:walk_under_water_one_cm":1949,"minecraft:jump":1452,"minecraft:walk_on_water_one_cm":4610,"minecraft:total_world_time":75159,"minecraft:fall_one_cm":26586},"minecraft:mined":{"minecraft:white_bed":1,"minecraft:cobblestone_stairs":3,"minecraft:crafting_table":4,"minecraft:grass_block":8,"minecraft:tall_grass":9,"minecraft:cobblestone":41,"minecraft:spruce_leaves":210,"minecraft:composter":7,"minecraft:sugar_cane":4,"minecraft:oak_planks":12,"minecraft:wall_torch":1,"minecraft:hay_block":12,"minecraft:spruce_log":153,"minecraft:stripped_spruce_log":1,"minecraft:yellow_bed":6,"minecraft:bell":3,"minecraft:grass":48,"minecraft:oak_log":63,"minecraft:potatoes":1,"minecraft:coal_ore":22,"minecraft:dirt_path":8,"minecraft:dirt":2,"minecraft:gravel":116,"minecraft:stone":47,"minecraft:white_wool":7,"minecraft:oak_leaves":2},"minecraft:picked_up":{"minecraft:crafting_table":5,"minecraft:wheat":1,"minecraft:feather":2,"minecraft:chicken":1,"minecraft:leather":10,"minecraft:potato":1,"minecraft:flint":12,"minecraft:oak_log":63,"minecraft:yellow_bed":6,"minecraft:cobblestone_stairs":3,"minecraft:dirt":18,"minecraft:bone":3,"minecraft:wheat_seeds":13,"minecraft:spruce_planks":548,"minecraft:bell":3,"minecraft:iron_ingot":39,"minecraft:beef":14,"minecraft:stone_pickaxe":1,"minecraft:light_gray_wool":2,"minecraft:poppy":8,"minecraft:sugar_cane":9,"minecraft:birch_sapling":1,"minecraft:oak_planks":6,"minecraft:egg":8,"minecraft:furnace":1,"minecraft:stick":1128,"minecraft:composter":7,"minecraft:torch":2,"minecraft:gravel":104,"minecraft:spruce_sapling":21,"minecraft:spruce_log":170,"minecraft:white_bed":1,"minecraft:arrow":3,"minecraft:hay_block":27,"minecraft:gray_wool":1,"minecraft:black_wool":1,"minecraft:mutton":24,"minecraft:coal":22,"minecraft:white_wool":19,"minecraft:cobblestone":109},"minecraft:killed_by":{"minecraft:stray":1},"minecraft:used":{"minecraft:cooked_mutton":6,"minecraft:cobblestone_stairs":23,"minecraft:stone_shovel":112,"minecraft:stone_pickaxe":86,"minecraft:poppy":2,"minecraft:oak_planks":223,"minecraft:shield":6,"minecraft:chest":3,"minecraft:wooden_pickaxe":29,"minecraft:fletching_table":4,"minecraft:bell":3,"minecraft:stone_hoe":13,"minecraft:white_wool":19,"minecraft:torch":2,"minecraft:dirt":17,"minecraft:mutton":3,"minecraft:crafting_table":5,"minecraft:white_bed":1,"minecraft:spruce_log":6,"minecraft:wooden_axe":1,"minecraft:iron_axe":213,"minecraft:bread":6,"minecraft:iron_pickaxe":12,"minecraft:spruce_sapling":20,"minecraft:gravel":104,"minecraft:light_gray_wool":2,"minecraft:stone_axe":132,"minecraft:cobblestone":25,"minecraft:beef":3,"minecraft:furnace":1,"minecraft:yellow_bed":6,"minecraft:egg":7,"minecraft:bone_meal":6,"minecraft:gray_wool":1},"minecraft:killed":{"minecraft:pig":1,"minecraft:iron_golem":8,"minecraft:sheep":11,"minecraft:chicken":2,"minecraft:cow":7},"minecraft:dropped":{"minecraft:stone_hoe":1,"minecraft:bread":85,"minecraft:stone_axe":1,"minecraft:wheat_seeds":5,"minecraft:wheat":1,"minecraft:birch_sapling":1,"minecraft:cobblestone":30,"minecraft:stick":1106,"minecraft:dirt":1,"minecraft:shield":1,"minecraft:spruce_planks":548,"minecraft:wooden_axe":2,"minecraft:iron_axe":1,"minecraft:arrow":1,"minecraft:stone_pickaxe":2,"minecraft:beef":4,"minecraft:wooden_pickaxe":1,"minecraft:iron_pickaxe":1,"minecraft:egg":1,"minecraft:bone":1},"minecraft:crafted":{"minecraft:cooked_beef":3,"minecraft:oak_planks":300,"minecraft:stone_shovel":1,"minecraft:emerald":34,"minecraft:crafting_table":1,"minecraft:spruce_planks":548,"minecraft:wooden_pickaxe":1,"minecraft:cobblestone_stairs":20,"minecraft:fletching_table":4,"minecraft:bone_meal":6,"minecraft:stone_axe":4,"minecraft:bread":81,"minecraft:cooked_mutton":15,"minecraft:air":0,"minecraft:shield":2,"minecraft:iron_axe":4,"minecraft:stick":1132,"minecraft:iron_pickaxe":2,"minecraft:stone_pickaxe":2,"minecraft:wooden_axe":2,"minecraft:chest":3,"minecraft:stone_hoe":1,"minecraft:wheat":243}},"DataVersion":3465}