{"stats":{"minecraft:broken":{"minecraft:iron_axe":2,"minecraft:stone_axe":1},"minecraft:custom":{"minecraft:mob_kills":40,"minecraft:interact_with_crafting_table":26,"minecraft:bell_ring":65,"minecraft:leave_game":1,"minecraft:time_since_death":98411,"minecraft:sprint_one_cm":348555,"minecraft:walk_one_cm":202495,"minecraft:damage_blocked_by_shield":153,"minecraft:drop":664,"minecraft:talked_to_villager":16,"minecraft:play_time":99159,"minecraft:deaths":1,"minecraft:sneak_time":11781,"minecraft:walk_under_water_one_cm":2375,"minecraft:jump":2068,"minecraft:walk_on_water_one_cm":4867,"minecraft:total_world_time":99159,"minecraft:interact_with_furnace":11,"minecraft:traded_with_villager":91,"minecraft:sleep_in_bed":6,"minecraft:time_since_rest":14389,"minecraft:damage_taken":977,"minecraft:damage_dealt":13608,"minecraft:swim_one_cm":3298,"minecraft:fly_one_cm":445493,"minecraft:open_chest":36,"minecraft:crouch_one_cm":27371,"minecraft:fall_one_cm":39600},"minecraft:mined":{"minecraft:white_bed":1,"minecraft:cobblestone_stairs":3,"minecraft:grass_block":12,"minecraft:spruce_leaves":210,"minecraft:composter":7,"minecraft:hay_block":12,"minecraft:carrots":8,"minecraft:iron_ore":1,"minecraft:stripped_spruce_log":1,"minecraft:bell":3,"minecraft:potatoes":8,"minecraft:dirt_path":9,"minecraft:stone":47,"minecraft:white_wool":12,"minecraft:crafting_table":4,"minecraft:cobblestone":45,"minecraft:tall_grass":9,"minecraft:oak_planks":12,"minecraft:sugar_cane":4,"minecraft:wall_torch":1,"minecraft:wheat":14,"minecraft:spruce_log":363,"minecraft:yellow_bed":6,"minecraft:grass":70,"minecraft:coal_ore":22,"minecraft:oak_log":63,"minecraft:gravel":116,"minecraft:dirt":4,"minecraft:oak_leaves":2},"minecraft:picked_up":{"minecraft:crafting_table":5,"minecraft:wheat":11,"minecraft:chicken":2,"minecraft:spruce_planks":548,"minecraft:beef":18,"minecraft:poppy":10,"minecraft:light_gray_wool":2,"minecraft:sugar_cane":9,"minecraft:birch_sapling":1,"minecraft:furnace":1,"minecraft:egg":12,"minecraft:stick":1134,"minecraft:raw_iron":1,"minecraft:composter":7,"minecraft:torch":2,"minecraft:carrot":23,"minecraft:arrow":3,"minecraft:hay_block":27,"minecraft:mutton":26,"minecraft:cobblestone":114,"minecraft:white_wool":33,"minecraft:feather":2,"minecraft:leather":12,"minecraft:potato":23,"minecraft:flint":12,"minecraft:oak_log":63,"minecraft:yellow_bed":6,"minecraft:cobblestone_stairs":3,"minecraft:dirt":25,"minecraft:bone":3,"minecraft:wheat_seeds":63,"minecraft:bell":3,"minecraft:iron_ingot":56,"minecraft:stone_pickaxe":1,"minecraft:oak_planks":6,"minecraft:gravel":104,"minecraft:spruce_sapling":37,"minecraft:white_bed":1,"minecraft:spruce_log":378,"minecraft:gray_wool":1,"minecraft:black_wool":1,"minecraft:coal":22},"minecraft:killed_by":{"minecraft:stray":1},"minecraft:used":{"minecraft:stone_shovel":117,"minecraft:poppy":2,"minecraft:chest":3,"minecraft:shield":6,"minecraft:bell":3,"minecraft:stone_hoe":13,"minecraft:torch":2,"minecraft:dirt":24,"minecraft:mutton":3,"minecraft:carrot":25,"minecraft:wooden_axe":1,"minecraft:iron_axe":467,"minecraft:light_gray_wool":2,"minecraft:beef":3,"minecraft:furnace":1,"minecraft:egg":11,"minecraft:cooked_beef":2,"minecraft:potato":1,"minecraft:wheat_seeds":61,"minecraft:cooked_mutton":9,"minecraft:cobblestone_stairs":23,"minecraft:stone_pickaxe":86,"minecraft:oak_planks":223,"minecraft:wooden_pickaxe":29,"minecraft:fletching_table":4,"minecraft:white_wool":19,"minecraft:crafting_table":6,"minecraft:white_bed":2,"minecraft:spruce_log":14,"minecraft:chicken":1,"minecraft:bread":7,"minecraft:iron_pickaxe":17,"minecraft:spruce_sapling":36,"minecraft:gravel":104,"minecraft:stone_axe":132,"minecraft:cobblestone":29,"minecraft:yellow_bed":6,"minecraft:gray_wool":1,"minecraft:bone_meal":6},"minecraft:killed":{"minecraft:spider":1,"minecraft:chicken":3,"minecraft:pig":1,"minecraft:iron_golem":12,"minecraft:sheep":12,"minecraft:zombie":1,"minecraft:cow":10},"minecraft:crafted":{"minecraft:oak_planks":300,"minecraft:stone_shovel":1,"minecraft:cobblestone_stairs":20,"minecraft:bone_meal":6,"minecraft:cooked_mutton":15,"minecraft:iron_boots":2,"minecraft:iron_axe":4,"minecraft:stone_pickaxe":2,"minecraft:chest":3,"minecraft:stone_hoe":1,"minecraft:wheat":243,"minecraft:cooked_beef":3,"minecraft:emerald":91,"minecraft:crafting_table":1,"minecraft:spruce_planks":1456,"minecraft:wooden_pickaxe":1,"minecraft:fletching_table":4,"minecraft:stone_axe":4,"minecraft:bread":81,"minecraft:air":0,"minecraft:shield":2,"minecraft:stick":2948,"minecraft:iron_pickaxe":2,"minecraft:wooden_axe":2,"minecraft:iron_leggings":1,"minecraft:white_bed":1,"minecraft:shears":2},"minecraft:dropped":{"minecraft:stone_hoe":1,"minecraft:bread":101,"minecraft:wheat_seeds":19,"minecraft:cobblestone":30,"minecraft:stick":1106,"minecraft:dirt":1,"minecraft:wooden_axe":2,"minecraft:iron_axe":1,"minecraft:iron_pickaxe":1,"minecraft:bone":1,"minecraft:stone_axe":1,"minecraft:birch_sapling":1,"minecraft:wheat":1,"minecraft:iron_boots":1,"minecraft:shears":1,"minecraft:carrot":65,"minecraft:potato":85,"minecraft:shield":1,"minecraft:spruce_planks":548,"minecraft:arrow":1,"minecraft:wooden_pickaxe":1,"minecraft:beef":4,"minecraft:stone_pickaxe":2,"minecraft:egg":1}},"DataVersion":3465}