{"stats":{"minecraft:killed":{"minecraft:cave_spider":5,"minecraft:spider":4,"minecraft:shulker":8,"minecraft:skeleton":25,"minecraft:chicken":6,"minecraft:pig":8,"minecraft:iron_golem":20,"minecraft:ender_dragon":1,"minecraft:creeper":3,"minecraft:sheep":15,"minecraft:trader_llama":2,"minecraft:zombie":28,"minecraft:donkey":1,"minecraft:blaze":17,"minecraft:cow":14,"minecraft:drowned":1,"minecraft:squid":1,"minecraft:enderman":15},"minecraft:dropped":{"minecraft:iron_sword":2,"minecraft:soul_sand":8,"minecraft:porkchop":7,"minecraft:diamond_axe":4,"minecraft:warped_fungus":1,"minecraft:ender_pearl":1,"minecraft:cookie":408,"minecraft:leather":13,"minecraft:flint":1,"minecraft:dirt":13,"minecraft:mutton":7,"minecraft:bone_meal":2,"minecraft:iron_pickaxe":5,"minecraft:white_wool":3,"minecraft:gold_ingot":50,"minecraft:bone":8,"minecraft:oak_door":3,"minecraft:gravel":19,"minecraft:stone_axe":50,"minecraft:blackstone":36,"minecraft:sugar_cane":9,"minecraft:nether_brick":35,"minecraft:wheat":1,"minecraft:birch_sapling":1,"minecraft:beetroot":2,"minecraft:rotten_flesh":26,"minecraft:oak_planks":43,"minecraft:diamond_shovel":2,"minecraft:end_stone":5,"minecraft:mossy_stone_brick_slab":2,"minecraft:white_bed":3,"minecraft:salmon":3,"minecraft:carrot":71,"minecraft:chainmail_chestplate":12,"minecraft:poppy":4,"minecraft:gunpowder":7,"minecraft:chainmail_boots":12,"minecraft:arrow":145,"minecraft:beef":4,"minecraft:crying_obsidian":7,"minecraft:bread":334,"minecraft:iron_ingot":3,"minecraft:egg":2,"minecraft:stone_hoe":1,"minecraft:golden_boots":1,"minecraft:wheat_seeds":95,"minecraft:lilac":6,"minecraft:smithing_table":1,"minecraft:diamond_leggings":1,"minecraft:feather":4,"minecraft:iron_helmet":2,"minecraft:cobblestone":72,"minecraft:lead":2,"minecraft:apple":44,"minecraft:granite":6,"minecraft:stick":1112,"minecraft:diorite":24,"minecraft:torch":57,"minecraft:wooden_axe":2,"minecraft:iron_door":2,"minecraft:diamond_helmet":1,"minecraft:iron_leggings":2,"minecraft:iron_axe":39,"minecraft:iron_shovel":2,"minecraft:string":23,"minecraft:dandelion":1,"minecraft:purpur_pillar":3,"minecraft:raw_iron":10,"minecraft:stone_shovel":73,"minecraft:iron_boots":14,"minecraft:ender_eye":2,"minecraft:shears":2,"minecraft:diamond_sword":1,"minecraft:potato":85,"minecraft:stone":7,"minecraft:shield":1,"minecraft:diamond_chestplate":1,"minecraft:spruce_planks":548,"minecraft:diamond_pickaxe":2,"minecraft:iron_chestplate":2,"minecraft:spider_eye":1,"minecraft:diamond_boots":1,"minecraft:bow":2,"minecraft:stone_pickaxe":2,"minecraft:wooden_pickaxe":1,"minecraft:bell":41,"minecraft:black_wool":1},"minecraft:crafted":{"minecraft:grindstone":1,"minecraft:smooth_stone":9,"minecraft:oak_planks":680,"minecraft:blaze_powder":16,"minecraft:stone":44,"minecraft:cobblestone_stairs":20,"minecraft:diamond_shovel":6,"minecraft:bookshelf":1,"minecraft:shulker_box":2,"minecraft:cooked_mutton":15,"minecraft:diamond_helmet":2,"minecraft:diamond_leggings":3,"minecraft:bow":8,"minecraft:iron_boots":14,"minecraft:chest":8,"minecraft:stone_hoe":1,"minecraft:ender_eye":15,"minecraft:golden_boots":2,"minecraft:smoker":1,"minecraft:arrow":224,"minecraft:emerald":177,"minecraft:cooked_porkchop":8,"minecraft:diamond_axe":11,"minecraft:crafting_table":5,"minecraft:spruce_planks":2948,"minecraft:wooden_pickaxe":1,"minecraft:iron_helmet":2,"minecraft:chainmail_chestplate":12,"minecraft:fletching_table":4,"minecraft:apple":44,"minecraft:lectern":1,"minecraft:iron_chestplate":2,"minecraft:book":2,"minecraft:paper":6,"minecraft:diamond_pickaxe":4,"minecraft:shield":2,"minecraft:stick":5700,"minecraft:stone_slab":6,"minecraft:iron_ingot":74,"minecraft:iron_pickaxe":5,"minecraft:iron_block":3,"minecraft:gold_ingot":52,"minecraft:shears":2,"minecraft:oak_door":3,"minecraft:cookie":216,"minecraft:mangrove_propagule":1,"minecraft:stone_shovel":73,"minecraft:diamond_hoe":4,"minecraft:furnace":5,"minecraft:blast_furnace":2,"minecraft:bone_meal":6,"minecraft:iron_axe":46,"minecraft:spruce_slab":6,"minecraft:stone_pickaxe":2,"minecraft:diamond_boots":3,"minecraft:spruce_boat":2,"minecraft:wheat":243,"minecraft:cooked_beef":7,"minecraft:diamond_sword":2,"minecraft:iron_sword":2,"minecraft:bell":40,"minecraft:bucket":1,"minecraft:stone_axe":52,"minecraft:bread":296,"minecraft:air":0,"minecraft:chainmail_boots":12,"minecraft:wooden_axe":2,"minecraft:iron_shovel":5,"minecraft:iron_leggings":2,"minecraft:anvil":1,"minecraft:white_bed":6,"minecraft:pumpkin_pie":48,"minecraft:torch":64,"minecraft:diamond_chestplate":2,"minecraft:ender_chest":1},"minecraft:picked_up":{"minecraft:shulker_shell":7,"minecraft:iron_chestplate":3,"minecraft:wheat":11,"minecraft:smithing_table":2,"minecraft:lead":9,"minecraft:diamond_sword":2,"minecraft:oak_stairs":2,"minecraft:enchanted_book":1,"minecraft:nether_brick":43,"minecraft:brewing_stand":2,"minecraft:string":48,"minecraft:iron_leggings":3,"minecraft:beetroot":2,"minecraft:diamond_leggings":4,"minecraft:cobbled_deepslate":52,"minecraft:bucket":1,"minecraft:spruce_planks":565,"minecraft:ender_eye":8,"minecraft:iron_pickaxe":6,"minecraft:furnace":5,"minecraft:iron_boots":2,"minecraft:stick":1154,"minecraft:composter":8,"minecraft:oak_fence":37,"minecraft:torch":49,"minecraft:purpur_pillar":3,"minecraft:porkchop":22,"minecraft:golden_axe":1,"minecraft:pointed_dripstone":2,"minecraft:diorite":28,"minecraft:rotten_flesh":34,"minecraft:music_disc_ward":2,"minecraft:blaze_rod":10,"minecraft:obsidian":19,"minecraft:cobblestone":480,"minecraft:magma_block":1,"minecraft:lilac":6,"minecraft:feather":6,"minecraft:cooked_beef":1,"minecraft:iron_door":12,"minecraft:water_bucket":2,"minecraft:andesite":91,"minecraft:potato":23,"minecraft:flint":24,"minecraft:tuff":3,"minecraft:lapis_lazuli":53,"minecraft:dirt":56,"minecraft:bone":19,"minecraft:bow":6,"minecraft:wheat_seeds":229,"minecraft:raw_gold":31,"minecraft:bell":4,"minecraft:diamond_helmet":7,"minecraft:mossy_stone_bricks":2,"minecraft:oak_planks":204,"minecraft:cooked_porkchop":3,"minecraft:stripped_spruce_log":9,"minecraft:ink_sac":1,"minecraft:spectral_arrow":43,"minecraft:mossy_cobblestone":1,"minecraft:diamond":17,"minecraft:spruce_boat":13,"minecraft:granite":12,"minecraft:grass":20,"minecraft:bone_meal":2,"minecraft:bread":320,"minecraft:emerald":2,"minecraft:chorus_fruit":40,"minecraft:netherrack":13,"minecraft:diamond_pickaxe":4,"minecraft:end_stone_bricks":2,"minecraft:crafting_table":8,"minecraft:chicken":7,"minecraft:splash_potion":1,"minecraft:gold_block":1,"minecraft:purpur_block":5,"minecraft:shield":3,"minecraft:elytra":1,"minecraft:iron_axe":3,"minecraft:blackstone":36,"minecraft:iron_shovel":2,"minecraft:beef":30,"minecraft:oak_boat":1,"minecraft:iron_nugget":10,"minecraft:poppy":22,"minecraft:light_gray_wool":2,"minecraft:lectern":1,"minecraft:sugar_cane":50,"minecraft:birch_sapling":1,"minecraft:egg":18,"minecraft:raw_iron":294,"minecraft:end_stone":28,"minecraft:stone":14,"minecraft:oak_door":3,"minecraft:fire_charge":3,"minecraft:cookie":376,"minecraft:carrot":29,"minecraft:redstone":58,"minecraft:arrow":147,"minecraft:diamond_chestplate":4,"minecraft:shears":1,"minecraft:diamond_boots":4,"minecraft:hay_block":27,"minecraft:gold_ingot":6,"minecraft:mutton":33,"minecraft:white_wool":44,"minecraft:rail":6,"minecraft:stripped_oak_log":37,"minecraft:salmon":3,"minecraft:leather":23,"minecraft:oak_log":161,"minecraft:golden_boots":1,"minecraft:yellow_bed":6,"minecraft:gunpowder":7,"minecraft:cobblestone_stairs":3,"minecraft:apple":11,"minecraft:stone_bricks":2,"minecraft:oak_fence_gate":1,"minecraft:iron_ingot":99,"minecraft:stone_pickaxe":1,"minecraft:soul_sand":16,"minecraft:iron_sword":3,"minecraft:warped_fungus":2,"minecraft:dandelion":1,"minecraft:gravel":137,"minecraft:spruce_sapling":77,"minecraft:blast_furnace":1,"minecraft:white_bed":5,"minecraft:spruce_log":876,"minecraft:dragon_egg":2,"minecraft:crying_obsidian":7,"minecraft:mossy_stone_brick_slab":2,"minecraft:spider_eye":3,"minecraft:diamond_shovel":2,"minecraft:stone_axe":1,"minecraft:iron_helmet":3,"minecraft:diamond_axe":3,"minecraft:gray_wool":1,"minecraft:black_wool":2,"minecraft:mangrove_propagule":2,"minecraft:coal":110,"minecraft:ender_pearl":16},"minecraft:custom":{"minecraft:animals_bred":2,"minecraft:interact_with_crafting_table":88,"minecraft:open_shulker_box":11,"minecraft:bell_ring":66,"minecraft:leave_game":5,"minecraft:time_since_death":41708,"minecraft:sprint_one_cm":1451643,"minecraft:damage_blocked_by_shield":1943,"minecraft:drop":1216,"minecraft:talked_to_villager":159,"minecraft:play_time":447680,"minecraft:deaths":4,"minecraft:jump":8230,"minecraft:interact_with_brewingstand":1,"minecraft:walk_on_water_one_cm":26326,"minecraft:interact_with_furnace":73,"minecraft:traded_with_villager":544,"minecraft:sleep_in_bed":23,"minecraft:open_enderchest":2,"minecraft:damage_dealt":48200,"minecraft:player_kills":2,"minecraft:crouch_one_cm":81935,"minecraft:interact_with_smoker":3,"minecraft:interact_with_smithing_table":1,"minecraft:mob_kills":179,"minecraft:interact_with_anvil":13,"minecraft:climb_one_cm":1405,"minecraft:walk_one_cm":894312,"minecraft:sneak_time":31530,"minecraft:walk_under_water_one_cm":30942,"minecraft:boat_one_cm":132431,"minecraft:interact_with_blast_furnace":16,"minecraft:total_world_time":447680,"minecraft:time_since_rest":1244,"minecraft:damage_taken":5550,"minecraft:swim_one_cm":41639,"minecraft:fly_one_cm":3660846,"minecraft:open_chest":232,"minecraft:aviate_one_cm":219952,"minecraft:fall_one_cm":184092},"minecraft:mined":{"minecraft:spruce_planks":18,"minecraft:white_bed":5,"minecraft:mossy_stone_brick_slab":2,"minecraft:cobblestone_stairs":3,"minecraft:brewing_stand":2,"minecraft:obsidian":1,"minecraft:granite":7,"minecraft:grass_block":20,"minecraft:composter":8,"minecraft:oxeye_daisy":1,"minecraft:spawner":3,"minecraft:magma_block":2,"minecraft:iron_ore":109,"minecraft:fire":9,"minecraft:dirt_path":9,"minecraft:end_stone_bricks":2,"minecraft:torch":1,"minecraft:blast_furnace":1,"minecraft:poppy":2,"minecraft:cobblestone":49,"minecraft:sugar_cane":39,"minecraft:oak_planks":80,"minecraft:iron_door":12,"minecraft:wall_torch":9,"minecraft:wheat":14,"minecraft:warped_fungus":1,"minecraft:purpur_block":8,"minecraft:grass":121,"minecraft:oak_log":129,"minecraft:dirt":11,"minecraft:netherrack":15,"minecraft:oak_leaves":6,"minecraft:deepslate":35,"minecraft:crying_obsidian":2,"minecraft:tuff":5,"minecraft:mossy_cobblestone":1,"minecraft:deepslate_diamond_ore":6,"minecraft:end_stone":29,"minecraft:glow_lichen":1,"minecraft:spruce_leaves":214,"minecraft:mangrove_propagule":2,"minecraft:hay_block":12,"minecraft:redstone_ore":4,"minecraft:spruce_sapling":2,"minecraft:furnace":6,"minecraft:carrots":8,"minecraft:andesite":69,"minecraft:stripped_spruce_log":4,"minecraft:gold_block":1,"minecraft:bell":3,"minecraft:potatoes":8,"minecraft:deepslate_iron_ore":2,"minecraft:rail":3,"minecraft:stripped_oak_log":5,"minecraft:chorus_plant":3,"minecraft:stone":288,"minecraft:white_wool":17,"minecraft:ender_chest":1,"minecraft:smithing_table":1,"minecraft:magenta_stained_glass":1,"minecraft:oak_fence":1,"minecraft:crafting_table":7,"minecraft:lectern":1,"minecraft:purpur_pillar":3,"minecraft:tall_grass":22,"minecraft:lapis_ore":4,"minecraft:deepslate_gold_ore":21,"minecraft:diorite":26,"minecraft:spruce_log":865,"minecraft:yellow_bed":6,"minecraft:coal_ore":58,"minecraft:gravel":130,"minecraft:cobweb":42,"minecraft:cracked_stone_bricks":2,"minecraft:stone_bricks":3,"minecraft:mossy_stone_bricks":2,"minecraft:gold_ore":5},"minecraft:killed_by":{"minecraft:player":1,"minecraft:stray":1,"minecraft:ender_dragon":1},"minecraft:used":{"minecraft:iron_shovel":13,"minecraft:poppy":2,"minecraft:elytra":1,"minecraft:chest":6,"minecraft:shield":66,"minecraft:stone":7,"minecraft:iron_sword":220,"minecraft:bell":3,"minecraft:iron_chestplate":1,"minecraft:mutton":3,"minecraft:carrot":25,"minecraft:stripped_spruce_log":2,"minecraft:obsidian":2,"minecraft:spruce_boat":15,"minecraft:lava_bucket":1,"minecraft:iron_helmet":1,"minecraft:bow":105,"minecraft:furnace":7,"minecraft:egg":20,"minecraft:potato":1,"minecraft:golden_boots":1,"minecraft:diamond_boots":1,"minecraft:chorus_fruit":4,"minecraft:stone_pickaxe":86,"minecraft:oak_planks":554,"minecraft:ender_pearl":12,"minecraft:wooden_pickaxe":29,"minecraft:composter":3,"minecraft:sugar_cane":30,"minecraft:diamond_axe":263,"minecraft:white_wool":23,"minecraft:blast_furnace":3,"minecraft:shears":3,"minecraft:end_stone":23,"minecraft:bread":82,"minecraft:lectern":1,"minecraft:gravel":140,"minecraft:diamond_sword":206,"minecraft:grindstone":1,"minecraft:smithing_table":3,"minecraft:andesite":70,"minecraft:oak_boat":1,"minecraft:bone_meal":6,"minecraft:oak_trapdoor":1,"minecraft:oak_fence":26,"minecraft:purpur_block":4,"minecraft:flint_and_steel":1,"minecraft:stone_shovel":117,"minecraft:spruce_planks":40,"minecraft:ender_chest":1,"minecraft:stone_hoe":13,"minecraft:oak_door":1,"minecraft:torch":42,"minecraft:dragon_egg":1,"minecraft:brewing_stand":1,"minecraft:dirt":55,"minecraft:anvil":1,"minecraft:diamond_helmet":1,"minecraft:shulker_box":2,"minecraft:oak_fence_gate":1,"minecraft:wooden_axe":1,"minecraft:iron_axe":1064,"minecraft:diamond_chestplate":2,"minecraft:light_gray_wool":2,"minecraft:beef":3,"minecraft:cooked_beef":7,"minecraft:cobbled_deepslate":22,"minecraft:wheat_seeds":61,"minecraft:cooked_mutton":14,"minecraft:water_bucket":3,"minecraft:cobblestone_stairs":23,"minecraft:fletching_table":4,"minecraft:crafting_table":12,"minecraft:white_bed":30,"minecraft:spruce_log":17,"minecraft:smoker":1,"minecraft:ender_eye":35,"minecraft:diamond_pickaxe":205,"minecraft:diamond_shovel":6,"minecraft:mangrove_propagule":3,"minecraft:chicken":1,"minecraft:iron_pickaxe":505,"minecraft:spruce_sapling":70,"minecraft:stone_axe":133,"minecraft:cobblestone":251,"minecraft:porkchop":1,"minecraft:cooked_porkchop":9,"minecraft:bucket":4,"minecraft:yellow_bed":6,"minecraft:splash_potion":3,"minecraft:gray_wool":1,"minecraft:smooth_stone":3,"minecraft:diamond_leggings":1},"minecraft:broken":{"minecraft:stone_axe":1,"minecraft:iron_axe":5}},"DataVersion":3465}