{"stats":{"minecraft:broken":{"minecraft:iron_axe":5,"minecraft:stone_axe":1},"minecraft:custom":{"minecraft:interact_with_anvil":5,"minecraft:mob_kills":115,"minecraft:animals_bred":2,"minecraft:interact_with_crafting_table":62,"minecraft:bell_ring":65,"minecraft:leave_game":3,"minecraft:time_since_death":49417,"minecraft:sprint_one_cm":934602,"minecraft:walk_one_cm":556182,"minecraft:damage_blocked_by_shield":1913,"minecraft:drop":910,"minecraft:talked_to_villager":62,"minecraft:play_time":284283,"minecraft:deaths":2,"minecraft:sneak_time":26815,"minecraft:walk_under_water_one_cm":23158,"minecraft:boat_one_cm":25442,"minecraft:jump":5459,"minecraft:interact_with_blast_furnace":9,"minecraft:walk_on_water_one_cm":20580,"minecraft:total_world_time":284283,"minecraft:interact_with_furnace":69,"minecraft:traded_with_villager":318,"minecraft:sleep_in_bed":14,"minecraft:time_since_rest":28524,"minecraft:damage_taken":2984,"minecraft:damage_dealt":32728,"minecraft:swim_one_cm":32918,"minecraft:player_kills":1,"minecraft:fly_one_cm":1222358,"minecraft:open_chest":123,"minecraft:crouch_one_cm":66121,"minecraft:interact_with_smoker":1,"minecraft:fall_one_cm":114930},"minecraft:mined":{"minecraft:crying_obsidian":2,"minecraft:white_bed":3,"minecraft:deepslate_diamond_ore":6,"minecraft:mossy_stone_brick_slab":2,"minecraft:cobblestone_stairs":3,"minecraft:obsidian":1,"minecraft:granite":7,"minecraft:grass_block":18,"minecraft:spruce_leaves":210,"minecraft:composter":8,"minecraft:spawner":2,"minecraft:mangrove_propagule":2,"minecraft:hay_block":12,"minecraft:magma_block":2,"minecraft:redstone_ore":4,"minecraft:furnace":6,"minecraft:carrots":8,"minecraft:fire":2,"minecraft:iron_ore":105,"minecraft:andesite":69,"minecraft:stripped_spruce_log":3,"minecraft:gold_block":1,"minecraft:bell":3,"minecraft:potatoes":8,"minecraft:deepslate_iron_ore":2,"minecraft:dirt_path":9,"minecraft:rail":3,"minecraft:stripped_oak_log":1,"minecraft:stone":186,"minecraft:white_wool":17,"minecraft:smithing_table":1,"minecraft:crafting_table":7,"minecraft:torch":1,"minecraft:poppy":2,"minecraft:tall_grass":14,"minecraft:cobblestone":48,"minecraft:deepslate_gold_ore":21,"minecraft:lapis_ore":2,"minecraft:sugar_cane":12,"minecraft:oak_planks":58,"minecraft:diorite":24,"minecraft:wall_torch":9,"minecraft:wheat":14,"minecraft:spruce_log":705,"minecraft:warped_fungus":1,"minecraft:yellow_bed":6,"minecraft:grass":111,"minecraft:oak_log":87,"minecraft:coal_ore":56,"minecraft:gravel":130,"minecraft:dirt":7,"minecraft:cobweb":40,"minecraft:netherrack":15,"minecraft:gold_ore":5,"minecraft:deepslate":22,"minecraft:oak_leaves":5},"minecraft:picked_up":{"minecraft:splash_potion":1,"minecraft:iron_chestplate":2,"minecraft:crafting_table":8,"minecraft:wheat":11,"minecraft:chicken":5,"minecraft:smithing_table":2,"minecraft:lead":9,"minecraft:oak_stairs":2,"minecraft:gold_block":1,"minecraft:enchanted_book":1,"minecraft:nether_brick":35,"minecraft:shield":1,"minecraft:string":44,"minecraft:iron_axe":2,"minecraft:iron_leggings":2,"minecraft:blackstone":36,"minecraft:iron_shovel":2,"minecraft:cobbled_deepslate":44,"minecraft:bucket":1,"minecraft:spruce_planks":548,"minecraft:beef":30,"minecraft:iron_nugget":10,"minecraft:light_gray_wool":2,"minecraft:poppy":21,"minecraft:iron_pickaxe":5,"minecraft:sugar_cane":17,"minecraft:birch_sapling":1,"minecraft:furnace":5,"minecraft:iron_boots":2,"minecraft:egg":18,"minecraft:stick":1141,"minecraft:raw_iron":284,"minecraft:oak_door":3,"minecraft:composter":8,"minecraft:oak_fence":36,"minecraft:torch":44,"minecraft:fire_charge":3,"minecraft:porkchop":16,"minecraft:golden_axe":1,"minecraft:pointed_dripstone":2,"minecraft:diorite":26,"minecraft:carrot":29,"minecraft:redstone":58,"minecraft:arrow":17,"minecraft:rotten_flesh":23,"minecraft:music_disc_ward":2,"minecraft:shears":1,"minecraft:hay_block":27,"minecraft:gold_ingot":6,"minecraft:obsidian":3,"minecraft:mutton":28,"minecraft:rail":6,"minecraft:white_wool":41,"minecraft:cobblestone":300,"minecraft:stripped_oak_log":33,"minecraft:magma_block":1,"minecraft:feather":4,"minecraft:andesite":91,"minecraft:leather":23,"minecraft:potato":23,"minecraft:flint":13,"minecraft:oak_log":119,"minecraft:yellow_bed":6,"minecraft:gunpowder":3,"minecraft:cobblestone_stairs":3,"minecraft:lapis_lazuli":42,"minecraft:dirt":46,"minecraft:bone":17,"minecraft:apple":11,"minecraft:bow":3,"minecraft:wheat_seeds":228,"minecraft:raw_gold":31,"minecraft:bell":3,"minecraft:stone_pickaxe":1,"minecraft:oak_fence_gate":1,"minecraft:iron_ingot":90,"minecraft:soul_sand":4,"minecraft:iron_sword":2,"minecraft:oak_planks":59,"minecraft:warped_fungus":1,"minecraft:cooked_porkchop":3,"minecraft:dandelion":1,"minecraft:gravel":137,"minecraft:stripped_spruce_log":8,"minecraft:spruce_sapling":54,"minecraft:spectral_arrow":43,"minecraft:crying_obsidian":7,"minecraft:white_bed":3,"minecraft:spruce_log":717,"minecraft:mossy_stone_brick_slab":2,"minecraft:spider_eye":3,"minecraft:stone_axe":1,"minecraft:diamond":17,"minecraft:iron_helmet":2,"minecraft:granite":12,"minecraft:grass":20,"minecraft:bread":4,"minecraft:gray_wool":1,"minecraft:netherrack":12,"minecraft:black_wool":2,"minecraft:mangrove_propagule":2,"minecraft:coal":100,"minecraft:ender_pearl":6,"minecraft:diamond_pickaxe":1},"minecraft:killed_by":{"minecraft:player":1,"minecraft:stray":1},"minecraft:used":{"minecraft:oak_fence":26,"minecraft:flint_and_steel":1,"minecraft:iron_shovel":13,"minecraft:stone_shovel":117,"minecraft:poppy":2,"minecraft:chest":5,"minecraft:spruce_planks":13,"minecraft:shield":65,"minecraft:iron_sword":123,"minecraft:bell":3,"minecraft:stone_hoe":13,"minecraft:oak_door":1,"minecraft:iron_chestplate":1,"minecraft:torch":41,"minecraft:dirt":55,"minecraft:anvil":1,"minecraft:mutton":3,"minecraft:carrot":25,"minecraft:obsidian":2,"minecraft:oak_fence_gate":1,"minecraft:stripped_spruce_log":2,"minecraft:wooden_axe":1,"minecraft:lava_bucket":1,"minecraft:iron_axe":1063,"minecraft:iron_helmet":1,"minecraft:light_gray_wool":2,"minecraft:bow":1,"minecraft:beef":3,"minecraft:furnace":7,"minecraft:cobbled_deepslate":22,"minecraft:egg":20,"minecraft:potato":1,"minecraft:cooked_beef":7,"minecraft:golden_boots":1,"minecraft:wheat_seeds":61,"minecraft:cooked_mutton":14,"minecraft:cobblestone_stairs":23,"minecraft:stone_pickaxe":86,"minecraft:oak_planks":347,"minecraft:composter":3,"minecraft:wooden_pickaxe":29,"minecraft:sugar_cane":17,"minecraft:fletching_table":4,"minecraft:white_wool":23,"minecraft:blast_furnace":2,"minecraft:crafting_table":11,"minecraft:smoker":1,"minecraft:white_bed":6,"minecraft:shears":3,"minecraft:spruce_log":15,"minecraft:diamond_pickaxe":3,"minecraft:chicken":1,"minecraft:mangrove_propagule":3,"minecraft:bread":30,"minecraft:iron_pickaxe":503,"minecraft:gravel":140,"minecraft:spruce_sapling":48,"minecraft:stone_axe":133,"minecraft:cobblestone":192,"minecraft:cooked_porkchop":9,"minecraft:porkchop":1,"minecraft:smithing_table":3,"minecraft:bucket":1,"minecraft:andesite":70,"minecraft:yellow_bed":6,"minecraft:splash_potion":1,"minecraft:gray_wool":1,"minecraft:bone_meal":6},"minecraft:killed":{"minecraft:cave_spider":5,"minecraft:spider":4,"minecraft:skeleton":21,"minecraft:chicken":6,"minecraft:pig":6,"minecraft:iron_golem":19,"minecraft:creeper":1,"minecraft:sheep":12,"minecraft:trader_llama":2,"minecraft:zombie":19,"minecraft:enderman":1,"minecraft:cow":14},"minecraft:crafted":{"minecraft:oak_door":3,"minecraft:smooth_stone":9,"minecraft:oak_planks":496,"minecraft:mangrove_propagule":1,"minecraft:stone_shovel":37,"minecraft:furnace":5,"minecraft:blast_furnace":2,"minecraft:stone":11,"minecraft:cobblestone_stairs":20,"minecraft:bone_meal":6,"minecraft:cooked_mutton":15,"minecraft:bow":4,"minecraft:iron_boots":2,"minecraft:iron_axe":7,"minecraft:stone_pickaxe":2,"minecraft:chest":5,"minecraft:stone_hoe":1,"minecraft:smoker":1,"minecraft:golden_boots":2,"minecraft:wheat":243,"minecraft:cooked_beef":7,"minecraft:emerald":177,"minecraft:arrow":224,"minecraft:cooked_porkchop":8,"minecraft:crafting_table":4,"minecraft:spruce_planks":2832,"minecraft:iron_helmet":2,"minecraft:wooden_pickaxe":1,"minecraft:iron_sword":2,"minecraft:fletching_table":4,"minecraft:bucket":1,"minecraft:stone_axe":52,"minecraft:bread":296,"minecraft:air":0,"minecraft:iron_chestplate":2,"minecraft:diamond_pickaxe":1,"minecraft:shield":2,"minecraft:stick":5696,"minecraft:iron_ingot":74,"minecraft:iron_pickaxe":5,"minecraft:wooden_axe":2,"minecraft:iron_block":3,"minecraft:gold_ingot":52,"minecraft:iron_shovel":5,"minecraft:iron_leggings":2,"minecraft:anvil":1,"minecraft:white_bed":6,"minecraft:torch":64,"minecraft:shears":2},"minecraft:dropped":{"minecraft:golden_boots":1,"minecraft:stone_hoe":1,"minecraft:iron_ingot":2,"minecraft:bread":205,"minecraft:iron_sword":2,"minecraft:porkchop":1,"minecraft:wheat_seeds":94,"minecraft:smithing_table":1,"minecraft:feather":2,"minecraft:iron_helmet":2,"minecraft:cobblestone":72,"minecraft:lead":2,"minecraft:leather":13,"minecraft:granite":6,"minecraft:flint":1,"minecraft:stick":1112,"minecraft:dirt":9,"minecraft:diorite":24,"minecraft:torch":57,"minecraft:mutton":2,"minecraft:wooden_axe":2,"minecraft:iron_leggings":2,"minecraft:iron_axe":3,"minecraft:iron_pickaxe":5,"minecraft:iron_shovel":2,"minecraft:string":23,"minecraft:gold_ingot":50,"minecraft:dandelion":1,"minecraft:bone":6,"minecraft:oak_door":3,"minecraft:stone_axe":50,"minecraft:nether_brick":35,"minecraft:birch_sapling":1,"minecraft:wheat":1,"minecraft:stone_shovel":37,"minecraft:rotten_flesh":20,"minecraft:oak_planks":41,"minecraft:iron_boots":2,"minecraft:mossy_stone_brick_slab":2,"minecraft:white_bed":3,"minecraft:shears":2,"minecraft:carrot":71,"minecraft:poppy":3,"minecraft:potato":85,"minecraft:shield":1,"minecraft:gunpowder":3,"minecraft:spruce_planks":548,"minecraft:iron_chestplate":2,"minecraft:spider_eye":1,"minecraft:wooden_pickaxe":1,"minecraft:arrow":81,"minecraft:bow":1,"minecraft:beef":4,"minecraft:stone_pickaxe":2,"minecraft:crying_obsidian":7,"minecraft:black_wool":1,"minecraft:egg":2}},"DataVersion":3465}