{"stats":{"minecraft:broken":{"minecraft:stone_axe":1},"minecraft:custom":{"minecraft:interact_with_furnace":8,"minecraft:mob_kills":24,"minecraft:interact_with_crafting_table":15,"minecraft:bell_ring":64,"minecraft:leave_game":1,"minecraft:time_since_death":50411,"minecraft:sleep_in_bed":3,"minecraft:time_since_rest":7647,"minecraft:sprint_one_cm":192140,"minecraft:damage_taken":548,"minecraft:walk_one_cm":104705,"minecraft:drop":84,"minecraft:damage_dealt":4773,"minecraft:swim_one_cm":1346,"minecraft:fly_one_cm":259863,"minecraft:open_chest":9,"minecraft:crouch_one_cm":20337,"minecraft:play_time":51159,"minecraft:deaths":1,"minecraft:sneak_time":6063,"minecraft:walk_under_water_one_cm":995,"minecraft:jump":1148,"minecraft:walk_on_water_one_cm":2362,"minecraft:total_world_time":51159,"minecraft:fall_one_cm":23145},"minecraft:mined":{"minecraft:white_bed":1,"minecraft:cobblestone_stairs":3,"minecraft:crafting_table":4,"minecraft:grass_block":3,"minecraft:tall_grass":9,"minecraft:cobblestone":30,"minecraft:spruce_leaves":210,"minecraft:composter":7,"minecraft:sugar_cane":4,"minecraft:oak_planks":8,"minecraft:wall_torch":1,"minecraft:hay_block":12,"minecraft:yellow_bed":6,"minecraft:bell":3,"minecraft:grass":48,"minecraft:oak_log":63,"minecraft:potatoes":1,"minecraft:coal_ore":22,"minecraft:gravel":1,"minecraft:stone":47,"minecraft:white_wool":7,"minecraft:oak_leaves":2},"minecraft:picked_up":{"minecraft:crafting_table":5,"minecraft:feather":2,"minecraft:chicken":1,"minecraft:leather":10,"minecraft:potato":1,"minecraft:oak_log":63,"minecraft:yellow_bed":6,"minecraft:cobblestone_stairs":3,"minecraft:dirt":3,"minecraft:bone":3,"minecraft:wheat_seeds":10,"minecraft:bell":3,"minecraft:iron_ingot":25,"minecraft:beef":14,"minecraft:stone_pickaxe":1,"minecraft:light_gray_wool":2,"minecraft:poppy":4,"minecraft:sugar_cane":9,"minecraft:birch_sapling":1,"minecraft:oak_planks":5,"minecraft:egg":7,"minecraft:furnace":1,"minecraft:stick":12,"minecraft:composter":7,"minecraft:torch":2,"minecraft:gravel":1,"minecraft:spruce_sapling":8,"minecraft:white_bed":1,"minecraft:arrow":3,"minecraft:hay_block":27,"minecraft:gray_wool":1,"minecraft:black_wool":1,"minecraft:mutton":24,"minecraft:coal":22,"minecraft:white_wool":19,"minecraft:cobblestone":99},"minecraft:killed_by":{"minecraft:stray":1},"minecraft:used":{"minecraft:cooked_mutton":3,"minecraft:cobblestone_stairs":23,"minecraft:stone_pickaxe":86,"minecraft:oak_planks":222,"minecraft:chest":3,"minecraft:wooden_pickaxe":29,"minecraft:bell":3,"minecraft:stone_hoe":13,"minecraft:white_wool":19,"minecraft:torch":2,"minecraft:dirt":2,"minecraft:mutton":3,"minecraft:crafting_table":5,"minecraft:white_bed":1,"minecraft:wooden_axe":1,"minecraft:bread":6,"minecraft:spruce_sapling":8,"minecraft:light_gray_wool":2,"minecraft:stone_axe":132,"minecraft:cobblestone":14,"minecraft:beef":3,"minecraft:furnace":1,"minecraft:yellow_bed":6,"minecraft:egg":6,"minecraft:bone_meal":6,"minecraft:gray_wool":1},"minecraft:killed":{"minecraft:pig":1,"minecraft:iron_golem":3,"minecraft:sheep":11,"minecraft:chicken":2,"minecraft:cow":7},"minecraft:crafted":{"minecraft:oak_planks":288,"minecraft:crafting_table":1,"minecraft:wooden_pickaxe":1,"minecraft:cobblestone_stairs":20,"minecraft:bone_meal":6,"minecraft:stone_axe":4,"minecraft:bread":81,"minecraft:cooked_mutton":15,"minecraft:air":0,"minecraft:shield":2,"minecraft:iron_axe":2,"minecraft:stick":36,"minecraft:iron_pickaxe":2,"minecraft:stone_pickaxe":2,"minecraft:wooden_axe":2,"minecraft:chest":3,"minecraft:stone_hoe":1,"minecraft:wheat":243},"minecraft:dropped":{"minecraft:stone_hoe":1,"minecraft:bread":85,"minecraft:stone_axe":1,"minecraft:wheat_seeds":2,"minecraft:birch_sapling":1,"minecraft:cobblestone":30,"minecraft:dirt":1,"minecraft:shield":1,"minecraft:wooden_axe":2,"minecraft:iron_axe":1,"minecraft:arrow":1,"minecraft:stone_pickaxe":2,"minecraft:beef":4,"minecraft:wooden_pickaxe":1,"minecraft:iron_pickaxe":1,"minecraft:egg":1,"minecraft:bone":1}},"DataVersion":3465}