{"stats":{"minecraft:broken":{"minecraft:stone_axe":1,"minecraft:iron_axe":5},"minecraft:custom":{"minecraft:animals_bred":2,"minecraft:interact_with_crafting_table":73,"minecraft:bell_ring":66,"minecraft:leave_game":3,"minecraft:time_since_death":85417,"minecraft:sprint_one_cm":1004115,"minecraft:damage_blocked_by_shield":1913,"minecraft:drop":1056,"minecraft:talked_to_villager":125,"minecraft:play_time":320283,"minecraft:deaths":2,"minecraft:jump":5924,"minecraft:walk_on_water_one_cm":22947,"minecraft:interact_with_furnace":72,"minecraft:traded_with_villager":490,"minecraft:sleep_in_bed":16,"minecraft:damage_dealt":36911,"minecraft:player_kills":1,"minecraft:crouch_one_cm":66805,"minecraft:interact_with_smoker":3,"minecraft:interact_with_smithing_table":1,"minecraft:mob_kills":133,"minecraft:interact_with_anvil":10,"minecraft:walk_one_cm":632773,"minecraft:sneak_time":27148,"minecraft:walk_under_water_one_cm":23981,"minecraft:boat_one_cm":50583,"minecraft:interact_with_blast_furnace":16,"minecraft:total_world_time":320283,"minecraft:time_since_rest":11884,"minecraft:damage_taken":3308,"minecraft:swim_one_cm":34520,"minecraft:fly_one_cm":1364162,"minecraft:open_chest":162,"minecraft:fall_one_cm":121914},"minecraft:mined":{"minecraft:white_bed":3,"minecraft:mossy_stone_brick_slab":2,"minecraft:cobblestone_stairs":3,"minecraft:obsidian":1,"minecraft:granite":7,"minecraft:grass_block":18,"minecraft:composter":8,"minecraft:spawner":2,"minecraft:magma_block":2,"minecraft:iron_ore":105,"minecraft:fire":9,"minecraft:dirt_path":9,"minecraft:torch":1,"minecraft:blast_furnace":1,"minecraft:poppy":2,"minecraft:cobblestone":48,"minecraft:oak_planks":60,"minecraft:sugar_cane":30,"minecraft:wall_torch":9,"minecraft:wheat":14,"minecraft:warped_fungus":1,"minecraft:grass":111,"minecraft:oak_log":87,"minecraft:dirt":7,"minecraft:netherrack":15,"minecraft:oak_leaves":5,"minecraft:deepslate":22,"minecraft:crying_obsidian":2,"minecraft:deepslate_diamond_ore":6,"minecraft:spruce_leaves":210,"minecraft:mangrove_propagule":2,"minecraft:hay_block":12,"minecraft:redstone_ore":4,"minecraft:furnace":6,"minecraft:carrots":8,"minecraft:andesite":69,"minecraft:stripped_spruce_log":3,"minecraft:gold_block":1,"minecraft:bell":3,"minecraft:potatoes":8,"minecraft:deepslate_iron_ore":2,"minecraft:rail":3,"minecraft:stripped_oak_log":1,"minecraft:stone":186,"minecraft:white_wool":17,"minecraft:smithing_table":1,"minecraft:crafting_table":7,"minecraft:lectern":1,"minecraft:tall_grass":14,"minecraft:lapis_ore":2,"minecraft:deepslate_gold_ore":21,"minecraft:diorite":24,"minecraft:spruce_log":705,"minecraft:yellow_bed":6,"minecraft:coal_ore":56,"minecraft:gravel":130,"minecraft:cobweb":40,"minecraft:gold_ore":5},"minecraft:picked_up":{"minecraft:iron_chestplate":3,"minecraft:wheat":11,"minecraft:smithing_table":2,"minecraft:lead":9,"minecraft:oak_stairs":2,"minecraft:enchanted_book":1,"minecraft:nether_brick":43,"minecraft:string":46,"minecraft:iron_leggings":3,"minecraft:cobbled_deepslate":44,"minecraft:bucket":1,"minecraft:spruce_planks":548,"minecraft:iron_pickaxe":6,"minecraft:iron_boots":2,"minecraft:furnace":5,"minecraft:stick":1141,"minecraft:composter":8,"minecraft:oak_fence":36,"minecraft:torch":44,"minecraft:porkchop":16,"minecraft:golden_axe":1,"minecraft:pointed_dripstone":2,"minecraft:diorite":26,"minecraft:rotten_flesh":24,"minecraft:music_disc_ward":2,"minecraft:blaze_rod":10,"minecraft:obsidian":3,"minecraft:cobblestone":300,"minecraft:magma_block":1,"minecraft:feather":4,"minecraft:cooked_beef":1,"minecraft:andesite":91,"minecraft:potato":23,"minecraft:flint":24,"minecraft:dirt":46,"minecraft:lapis_lazuli":42,"minecraft:bone":17,"minecraft:bow":4,"minecraft:wheat_seeds":228,"minecraft:raw_gold":31,"minecraft:bell":3,"minecraft:oak_planks":61,"minecraft:cooked_porkchop":3,"minecraft:stripped_spruce_log":8,"minecraft:spectral_arrow":43,"minecraft:diamond":17,"minecraft:granite":12,"minecraft:grass":20,"minecraft:bread":63,"minecraft:netherrack":13,"minecraft:diamond_pickaxe":1,"minecraft:crafting_table":8,"minecraft:splash_potion":1,"minecraft:chicken":5,"minecraft:gold_block":1,"minecraft:shield":1,"minecraft:iron_axe":3,"minecraft:iron_shovel":2,"minecraft:blackstone":36,"minecraft:beef":30,"minecraft:iron_nugget":10,"minecraft:poppy":21,"minecraft:light_gray_wool":2,"minecraft:lectern":1,"minecraft:sugar_cane":36,"minecraft:birch_sapling":1,"minecraft:egg":18,"minecraft:raw_iron":284,"minecraft:oak_door":3,"minecraft:fire_charge":3,"minecraft:carrot":29,"minecraft:redstone":58,"minecraft:arrow":81,"minecraft:shears":1,"minecraft:hay_block":27,"minecraft:gold_ingot":6,"minecraft:mutton":28,"minecraft:white_wool":41,"minecraft:rail":6,"minecraft:stripped_oak_log":33,"minecraft:leather":23,"minecraft:oak_log":119,"minecraft:golden_boots":1,"minecraft:yellow_bed":6,"minecraft:gunpowder":3,"minecraft:cobblestone_stairs":3,"minecraft:apple":11,"minecraft:iron_ingot":90,"minecraft:oak_fence_gate":1,"minecraft:stone_pickaxe":1,"minecraft:iron_sword":3,"minecraft:soul_sand":16,"minecraft:warped_fungus":2,"minecraft:dandelion":1,"minecraft:gravel":137,"minecraft:spruce_sapling":54,"minecraft:blast_furnace":1,"minecraft:white_bed":3,"minecraft:spruce_log":717,"minecraft:crying_obsidian":7,"minecraft:mossy_stone_brick_slab":2,"minecraft:spider_eye":3,"minecraft:stone_axe":1,"minecraft:iron_helmet":3,"minecraft:gray_wool":1,"minecraft:coal":108,"minecraft:black_wool":2,"minecraft:mangrove_propagule":2,"minecraft:ender_pearl":6},"minecraft:killed_by":{"minecraft:player":1,"minecraft:stray":1},"minecraft:used":{"minecraft:iron_shovel":13,"minecraft:poppy":2,"minecraft:chest":5,"minecraft:shield":65,"minecraft:iron_sword":214,"minecraft:bell":3,"minecraft:iron_chestplate":1,"minecraft:mutton":3,"minecraft:carrot":25,"minecraft:stripped_spruce_log":2,"minecraft:obsidian":2,"minecraft:lava_bucket":1,"minecraft:iron_helmet":1,"minecraft:bow":8,"minecraft:furnace":7,"minecraft:egg":20,"minecraft:potato":1,"minecraft:golden_boots":1,"minecraft:stone_pickaxe":86,"minecraft:oak_planks":347,"minecraft:wooden_pickaxe":29,"minecraft:composter":3,"minecraft:diamond_axe":2,"minecraft:sugar_cane":30,"minecraft:white_wool":23,"minecraft:blast_furnace":3,"minecraft:shears":3,"minecraft:bread":37,"minecraft:lectern":1,"minecraft:gravel":140,"minecraft:grindstone":1,"minecraft:smithing_table":3,"minecraft:andesite":70,"minecraft:bone_meal":6,"minecraft:oak_fence":26,"minecraft:flint_and_steel":1,"minecraft:stone_shovel":117,"minecraft:spruce_planks":13,"minecraft:stone_hoe":13,"minecraft:oak_door":1,"minecraft:torch":41,"minecraft:dirt":55,"minecraft:anvil":1,"minecraft:oak_fence_gate":1,"minecraft:wooden_axe":1,"minecraft:iron_axe":1064,"minecraft:light_gray_wool":2,"minecraft:beef":3,"minecraft:cooked_beef":7,"minecraft:cobbled_deepslate":22,"minecraft:wheat_seeds":61,"minecraft:cooked_mutton":14,"minecraft:cobblestone_stairs":23,"minecraft:fletching_table":4,"minecraft:crafting_table":11,"minecraft:white_bed":6,"minecraft:spruce_log":15,"minecraft:smoker":1,"minecraft:diamond_pickaxe":3,"minecraft:mangrove_propagule":3,"minecraft:chicken":1,"minecraft:iron_pickaxe":504,"minecraft:spruce_sapling":48,"minecraft:stone_axe":133,"minecraft:cobblestone":196,"minecraft:porkchop":1,"minecraft:cooked_porkchop":9,"minecraft:bucket":1,"minecraft:yellow_bed":6,"minecraft:gray_wool":1,"minecraft:splash_potion":3},"minecraft:killed":{"minecraft:cave_spider":5,"minecraft:spider":4,"minecraft:skeleton":21,"minecraft:chicken":6,"minecraft:pig":6,"minecraft:iron_golem":20,"minecraft:creeper":1,"minecraft:sheep":12,"minecraft:trader_llama":2,"minecraft:zombie":19,"minecraft:cow":14,"minecraft:blaze":17,"minecraft:enderman":1},"minecraft:dropped":{"minecraft:iron_sword":2,"minecraft:soul_sand":8,"minecraft:porkchop":1,"minecraft:diamond_axe":1,"minecraft:warped_fungus":1,"minecraft:leather":13,"minecraft:flint":1,"minecraft:dirt":9,"minecraft:mutton":2,"minecraft:iron_pickaxe":5,"minecraft:gold_ingot":50,"minecraft:bone":6,"minecraft:oak_door":3,"minecraft:gravel":19,"minecraft:stone_axe":50,"minecraft:blackstone":36,"minecraft:nether_brick":35,"minecraft:wheat":1,"minecraft:birch_sapling":1,"minecraft:rotten_flesh":21,"minecraft:oak_planks":42,"minecraft:diamond_shovel":1,"minecraft:mossy_stone_brick_slab":2,"minecraft:white_bed":3,"minecraft:carrot":71,"minecraft:chainmail_chestplate":12,"minecraft:poppy":3,"minecraft:gunpowder":3,"minecraft:chainmail_boots":12,"minecraft:arrow":145,"minecraft:beef":4,"minecraft:crying_obsidian":7,"minecraft:egg":2,"minecraft:iron_ingot":3,"minecraft:stone_hoe":1,"minecraft:golden_boots":1,"minecraft:bread":205,"minecraft:wheat_seeds":94,"minecraft:smithing_table":1,"minecraft:diamond_leggings":1,"minecraft:iron_helmet":2,"minecraft:feather":2,"minecraft:cobblestone":72,"minecraft:lead":2,"minecraft:apple":44,"minecraft:granite":6,"minecraft:stick":1112,"minecraft:diorite":24,"minecraft:torch":57,"minecraft:wooden_axe":2,"minecraft:diamond_helmet":1,"minecraft:iron_leggings":2,"minecraft:iron_axe":39,"minecraft:iron_shovel":2,"minecraft:string":23,"minecraft:dandelion":1,"minecraft:stone_shovel":73,"minecraft:iron_boots":14,"minecraft:shears":2,"minecraft:potato":85,"minecraft:shield":1,"minecraft:diamond_chestplate":1,"minecraft:spruce_planks":548,"minecraft:iron_chestplate":2,"minecraft:spider_eye":1,"minecraft:diamond_boots":1,"minecraft:bow":2,"minecraft:stone_pickaxe":2,"minecraft:wooden_pickaxe":1,"minecraft:bell":23,"minecraft:black_wool":1},"minecraft:crafted":{"minecraft:grindstone":1,"minecraft:smooth_stone":9,"minecraft:oak_planks":496,"minecraft:blaze_powder":14,"minecraft:cobblestone_stairs":20,"minecraft:stone":12,"minecraft:diamond_shovel":6,"minecraft:bookshelf":1,"minecraft:cooked_mutton":15,"minecraft:diamond_helmet":2,"minecraft:diamond_leggings":3,"minecraft:bow":8,"minecraft:iron_boots":14,"minecraft:chest":5,"minecraft:stone_hoe":1,"minecraft:ender_eye":14,"minecraft:golden_boots":2,"minecraft:smoker":1,"minecraft:arrow":224,"minecraft:emerald":177,"minecraft:cooked_porkchop":8,"minecraft:diamond_axe":3,"minecraft:crafting_table":4,"minecraft:spruce_planks":2832,"minecraft:wooden_pickaxe":1,"minecraft:iron_helmet":2,"minecraft:chainmail_chestplate":12,"minecraft:fletching_table":4,"minecraft:apple":44,"minecraft:lectern":1,"minecraft:book":2,"minecraft:iron_chestplate":2,"minecraft:paper":6,"minecraft:diamond_pickaxe":1,"minecraft:shield":2,"minecraft:stick":5700,"minecraft:stone_slab":6,"minecraft:iron_ingot":74,"minecraft:iron_pickaxe":5,"minecraft:iron_block":3,"minecraft:gold_ingot":52,"minecraft:shears":2,"minecraft:oak_door":3,"minecraft:mangrove_propagule":1,"minecraft:stone_shovel":73,"minecraft:diamond_hoe":3,"minecraft:furnace":5,"minecraft:blast_furnace":2,"minecraft:bone_meal":6,"minecraft:iron_axe":46,"minecraft:spruce_slab":6,"minecraft:stone_pickaxe":2,"minecraft:diamond_boots":3,"minecraft:wheat":243,"minecraft:cooked_beef":7,"minecraft:iron_sword":2,"minecraft:bell":24,"minecraft:bucket":1,"minecraft:stone_axe":52,"minecraft:air":0,"minecraft:bread":296,"minecraft:chainmail_boots":12,"minecraft:wooden_axe":2,"minecraft:iron_shovel":5,"minecraft:iron_leggings":2,"minecraft:anvil":1,"minecraft:white_bed":6,"minecraft:torch":64,"minecraft:diamond_chestplate":2}},"DataVersion":3465}