{"stats":{"minecraft:broken":{"minecraft:iron_axe":5,"minecraft:stone_axe":1},"minecraft:custom":{"minecraft:interact_with_anvil":1,"minecraft:mob_kills":112,"minecraft:animals_bred":2,"minecraft:interact_with_crafting_table":61,"minecraft:bell_ring":65,"minecraft:leave_game":3,"minecraft:time_since_death":25417,"minecraft:sprint_one_cm":866388,"minecraft:walk_one_cm":513819,"minecraft:damage_blocked_by_shield":1913,"minecraft:drop":846,"minecraft:talked_to_villager":55,"minecraft:play_time":260283,"minecraft:deaths":2,"minecraft:sneak_time":23892,"minecraft:walk_under_water_one_cm":21904,"minecraft:jump":5067,"minecraft:interact_with_blast_furnace":6,"minecraft:walk_on_water_one_cm":19676,"minecraft:total_world_time":260283,"minecraft:interact_with_furnace":69,"minecraft:traded_with_villager":274,"minecraft:sleep_in_bed":14,"minecraft:time_since_rest":4524,"minecraft:damage_taken":2585,"minecraft:damage_dealt":31468,"minecraft:swim_one_cm":30173,"minecraft:player_kills":1,"minecraft:fly_one_cm":1078460,"minecraft:open_chest":102,"minecraft:crouch_one_cm":54668,"minecraft:fall_one_cm":106052},"minecraft:mined":{"minecraft:crying_obsidian":2,"minecraft:white_bed":3,"minecraft:deepslate_diamond_ore":6,"minecraft:mossy_stone_brick_slab":2,"minecraft:cobblestone_stairs":3,"minecraft:obsidian":1,"minecraft:granite":7,"minecraft:grass_block":12,"minecraft:spruce_leaves":210,"minecraft:composter":8,"minecraft:spawner":2,"minecraft:mangrove_propagule":2,"minecraft:hay_block":12,"minecraft:magma_block":2,"minecraft:redstone_ore":4,"minecraft:furnace":5,"minecraft:carrots":8,"minecraft:iron_ore":105,"minecraft:andesite":69,"minecraft:stripped_spruce_log":3,"minecraft:gold_block":1,"minecraft:bell":3,"minecraft:potatoes":8,"minecraft:deepslate_iron_ore":2,"minecraft:dirt_path":9,"minecraft:rail":3,"minecraft:stripped_oak_log":1,"minecraft:stone":186,"minecraft:white_wool":17,"minecraft:smithing_table":1,"minecraft:crafting_table":7,"minecraft:torch":1,"minecraft:poppy":2,"minecraft:tall_grass":14,"minecraft:cobblestone":48,"minecraft:deepslate_gold_ore":21,"minecraft:lapis_ore":2,"minecraft:sugar_cane":4,"minecraft:oak_planks":57,"minecraft:diorite":24,"minecraft:wall_torch":9,"minecraft:wheat":14,"minecraft:spruce_log":705,"minecraft:yellow_bed":6,"minecraft:grass":111,"minecraft:oak_log":87,"minecraft:coal_ore":56,"minecraft:gravel":130,"minecraft:dirt":7,"minecraft:cobweb":40,"minecraft:netherrack":2,"minecraft:gold_ore":5,"minecraft:deepslate":22,"minecraft:oak_leaves":5},"minecraft:picked_up":{"minecraft:iron_chestplate":1,"minecraft:crafting_table":8,"minecraft:wheat":11,"minecraft:chicken":5,"minecraft:smithing_table":2,"minecraft:lead":9,"minecraft:oak_stairs":2,"minecraft:gold_block":1,"minecraft:shield":1,"minecraft:string":44,"minecraft:iron_axe":2,"minecraft:iron_leggings":1,"minecraft:iron_shovel":2,"minecraft:cobbled_deepslate":44,"minecraft:bucket":1,"minecraft:spruce_planks":548,"minecraft:beef":30,"minecraft:light_gray_wool":2,"minecraft:poppy":19,"minecraft:iron_pickaxe":4,"minecraft:sugar_cane":9,"minecraft:birch_sapling":1,"minecraft:furnace":4,"minecraft:iron_boots":2,"minecraft:egg":18,"minecraft:stick":1141,"minecraft:raw_iron":284,"minecraft:oak_door":3,"minecraft:composter":8,"minecraft:oak_fence":36,"minecraft:torch":44,"minecraft:porkchop":16,"minecraft:golden_axe":1,"minecraft:pointed_dripstone":2,"minecraft:diorite":26,"minecraft:carrot":29,"minecraft:redstone":58,"minecraft:arrow":17,"minecraft:rotten_flesh":23,"minecraft:music_disc_ward":2,"minecraft:shears":1,"minecraft:hay_block":27,"minecraft:obsidian":1,"minecraft:mutton":28,"minecraft:rail":6,"minecraft:white_wool":41,"minecraft:cobblestone":300,"minecraft:stripped_oak_log":33,"minecraft:magma_block":1,"minecraft:feather":4,"minecraft:andesite":91,"minecraft:leather":18,"minecraft:potato":23,"minecraft:flint":13,"minecraft:oak_log":119,"minecraft:yellow_bed":6,"minecraft:gunpowder":3,"minecraft:cobblestone_stairs":3,"minecraft:lapis_lazuli":42,"minecraft:dirt":40,"minecraft:bone":17,"minecraft:apple":11,"minecraft:bow":3,"minecraft:wheat_seeds":138,"minecraft:raw_gold":31,"minecraft:bell":3,"minecraft:stone_pickaxe":1,"minecraft:oak_fence_gate":1,"minecraft:iron_ingot":86,"minecraft:iron_sword":1,"minecraft:oak_planks":58,"minecraft:cooked_porkchop":3,"minecraft:dandelion":1,"minecraft:gravel":118,"minecraft:stripped_spruce_log":8,"minecraft:spruce_sapling":54,"minecraft:crying_obsidian":2,"minecraft:white_bed":3,"minecraft:spruce_log":717,"minecraft:mossy_stone_brick_slab":2,"minecraft:spider_eye":3,"minecraft:diamond":17,"minecraft:iron_helmet":1,"minecraft:granite":12,"minecraft:grass":20,"minecraft:gray_wool":1,"minecraft:black_wool":2,"minecraft:mangrove_propagule":2,"minecraft:coal":100,"minecraft:diamond_pickaxe":1},"minecraft:killed_by":{"minecraft:player":1,"minecraft:stray":1},"minecraft:used":{"minecraft:oak_fence":26,"minecraft:flint_and_steel":1,"minecraft:iron_shovel":13,"minecraft:stone_shovel":117,"minecraft:poppy":2,"minecraft:chest":5,"minecraft:spruce_planks":13,"minecraft:shield":65,"minecraft:iron_sword":108,"minecraft:bell":3,"minecraft:stone_hoe":13,"minecraft:oak_door":1,"minecraft:iron_chestplate":1,"minecraft:torch":41,"minecraft:dirt":49,"minecraft:anvil":1,"minecraft:mutton":3,"minecraft:carrot":25,"minecraft:obsidian":2,"minecraft:oak_fence_gate":1,"minecraft:stripped_spruce_log":2,"minecraft:wooden_axe":1,"minecraft:lava_bucket":1,"minecraft:iron_axe":1054,"minecraft:iron_helmet":1,"minecraft:light_gray_wool":2,"minecraft:beef":3,"minecraft:furnace":7,"minecraft:egg":16,"minecraft:potato":1,"minecraft:cooked_beef":7,"minecraft:golden_boots":1,"minecraft:wheat_seeds":61,"minecraft:cooked_mutton":14,"minecraft:cobblestone_stairs":23,"minecraft:stone_pickaxe":86,"minecraft:oak_planks":347,"minecraft:composter":2,"minecraft:wooden_pickaxe":29,"minecraft:sugar_cane":9,"minecraft:fletching_table":4,"minecraft:white_wool":23,"minecraft:blast_furnace":2,"minecraft:crafting_table":11,"minecraft:white_bed":6,"minecraft:shears":3,"minecraft:spruce_log":15,"minecraft:diamond_pickaxe":3,"minecraft:chicken":1,"minecraft:mangrove_propagule":3,"minecraft:bread":22,"minecraft:iron_pickaxe":488,"minecraft:gravel":140,"minecraft:spruce_sapling":48,"minecraft:stone_axe":133,"minecraft:cobblestone":79,"minecraft:cooked_porkchop":8,"minecraft:porkchop":1,"minecraft:smithing_table":3,"minecraft:bucket":1,"minecraft:andesite":70,"minecraft:yellow_bed":6,"minecraft:gray_wool":1,"minecraft:bone_meal":6},"minecraft:killed":{"minecraft:cave_spider":5,"minecraft:spider":4,"minecraft:skeleton":21,"minecraft:chicken":5,"minecraft:pig":6,"minecraft:iron_golem":18,"minecraft:creeper":1,"minecraft:sheep":12,"minecraft:trader_llama":2,"minecraft:zombie":18,"minecraft:enderman":1,"minecraft:cow":14},"minecraft:crafted":{"minecraft:oak_door":3,"minecraft:smooth_stone":9,"minecraft:oak_planks":496,"minecraft:mangrove_propagule":1,"minecraft:stone_shovel":37,"minecraft:furnace":5,"minecraft:blast_furnace":2,"minecraft:stone":11,"minecraft:cobblestone_stairs":20,"minecraft:bone_meal":6,"minecraft:cooked_mutton":15,"minecraft:bow":4,"minecraft:iron_boots":2,"minecraft:iron_axe":7,"minecraft:stone_pickaxe":2,"minecraft:chest":5,"minecraft:stone_hoe":1,"minecraft:golden_boots":2,"minecraft:wheat":243,"minecraft:cooked_beef":7,"minecraft:emerald":177,"minecraft:arrow":32,"minecraft:cooked_porkchop":8,"minecraft:crafting_table":4,"minecraft:spruce_planks":2832,"minecraft:iron_helmet":2,"minecraft:wooden_pickaxe":1,"minecraft:iron_sword":2,"minecraft:fletching_table":4,"minecraft:bucket":1,"minecraft:stone_axe":52,"minecraft:bread":104,"minecraft:air":0,"minecraft:iron_chestplate":2,"minecraft:diamond_pickaxe":1,"minecraft:shield":2,"minecraft:stick":5696,"minecraft:iron_ingot":74,"minecraft:iron_pickaxe":5,"minecraft:wooden_axe":2,"minecraft:iron_block":3,"minecraft:gold_ingot":9,"minecraft:iron_shovel":5,"minecraft:iron_leggings":2,"minecraft:anvil":1,"minecraft:white_bed":6,"minecraft:torch":64,"minecraft:shears":2},"minecraft:dropped":{"minecraft:golden_boots":1,"minecraft:stone_hoe":1,"minecraft:iron_ingot":2,"minecraft:bread":109,"minecraft:iron_sword":1,"minecraft:porkchop":1,"minecraft:wheat_seeds":94,"minecraft:smithing_table":1,"minecraft:feather":2,"minecraft:iron_helmet":1,"minecraft:cobblestone":72,"minecraft:lead":2,"minecraft:leather":8,"minecraft:granite":6,"minecraft:flint":1,"minecraft:stick":1112,"minecraft:dirt":9,"minecraft:diorite":24,"minecraft:torch":57,"minecraft:mutton":2,"minecraft:wooden_axe":2,"minecraft:iron_leggings":1,"minecraft:iron_axe":2,"minecraft:iron_pickaxe":4,"minecraft:iron_shovel":2,"minecraft:string":23,"minecraft:dandelion":1,"minecraft:bone":6,"minecraft:oak_door":3,"minecraft:stone_axe":49,"minecraft:birch_sapling":1,"minecraft:wheat":1,"minecraft:stone_shovel":37,"minecraft:rotten_flesh":20,"minecraft:oak_planks":41,"minecraft:iron_boots":2,"minecraft:mossy_stone_brick_slab":2,"minecraft:white_bed":3,"minecraft:shears":2,"minecraft:carrot":65,"minecraft:poppy":3,"minecraft:potato":85,"minecraft:shield":1,"minecraft:gunpowder":3,"minecraft:spruce_planks":548,"minecraft:iron_chestplate":1,"minecraft:spider_eye":1,"minecraft:wooden_pickaxe":1,"minecraft:arrow":17,"minecraft:bow":1,"minecraft:beef":4,"minecraft:stone_pickaxe":2,"minecraft:crying_obsidian":2,"minecraft:black_wool":1,"minecraft:egg":2}},"DataVersion":3465}