{"stats":{"minecraft:broken":{"minecraft:iron_axe":4,"minecraft:stone_axe":1},"minecraft:custom":{"minecraft:mob_kills":53,"minecraft:animals_bred":2,"minecraft:interact_with_crafting_table":38,"minecraft:bell_ring":65,"minecraft:leave_game":2,"minecraft:time_since_death":164080,"minecraft:sprint_one_cm":509792,"minecraft:walk_one_cm":331098,"minecraft:damage_blocked_by_shield":153,"minecraft:drop":782,"minecraft:talked_to_villager":41,"minecraft:play_time":164828,"minecraft:deaths":1,"minecraft:sneak_time":16139,"minecraft:walk_under_water_one_cm":4508,"minecraft:jump":3062,"minecraft:walk_on_water_one_cm":9206,"minecraft:total_world_time":164828,"minecraft:interact_with_furnace":11,"minecraft:traded_with_villager":219,"minecraft:sleep_in_bed":11,"minecraft:time_since_rest":9211,"minecraft:damage_taken":1139,"minecraft:damage_dealt":21319,"minecraft:swim_one_cm":13396,"minecraft:fly_one_cm":665477,"minecraft:player_kills":1,"minecraft:open_chest":65,"minecraft:crouch_one_cm":32407,"minecraft:fall_one_cm":57075},"minecraft:mined":{"minecraft:white_bed":3,"minecraft:cobblestone_stairs":3,"minecraft:grass_block":12,"minecraft:spruce_leaves":210,"minecraft:composter":7,"minecraft:mangrove_propagule":2,"minecraft:hay_block":12,"minecraft:carrots":8,"minecraft:iron_ore":1,"minecraft:stripped_spruce_log":3,"minecraft:bell":3,"minecraft:potatoes":8,"minecraft:dirt_path":9,"minecraft:stone":47,"minecraft:white_wool":17,"minecraft:smithing_table":1,"minecraft:crafting_table":4,"minecraft:tall_grass":14,"minecraft:cobblestone":45,"minecraft:sugar_cane":4,"minecraft:oak_planks":24,"minecraft:wall_torch":7,"minecraft:wheat":14,"minecraft:spruce_log":705,"minecraft:yellow_bed":6,"minecraft:grass":72,"minecraft:oak_log":63,"minecraft:coal_ore":22,"minecraft:gravel":116,"minecraft:dirt":7,"minecraft:oak_leaves":2},"minecraft:picked_up":{"minecraft:crafting_table":5,"minecraft:wheat":11,"minecraft:chicken":3,"minecraft:smithing_table":2,"minecraft:lead":9,"minecraft:oak_stairs":2,"minecraft:string":2,"minecraft:iron_axe":1,"minecraft:spruce_planks":548,"minecraft:beef":19,"minecraft:light_gray_wool":2,"minecraft:poppy":17,"minecraft:iron_pickaxe":1,"minecraft:sugar_cane":9,"minecraft:birch_sapling":1,"minecraft:furnace":1,"minecraft:iron_boots":1,"minecraft:egg":13,"minecraft:stick":1141,"minecraft:raw_iron":1,"minecraft:composter":7,"minecraft:oak_fence":30,"minecraft:torch":8,"minecraft:carrot":23,"minecraft:arrow":3,"minecraft:rotten_flesh":3,"minecraft:shears":1,"minecraft:hay_block":27,"minecraft:mutton":28,"minecraft:white_wool":41,"minecraft:cobblestone":115,"minecraft:feather":4,"minecraft:leather":13,"minecraft:potato":23,"minecraft:flint":12,"minecraft:oak_log":65,"minecraft:yellow_bed":6,"minecraft:cobblestone_stairs":3,"minecraft:dirt":40,"minecraft:bone":3,"minecraft:wheat_seeds":64,"minecraft:bell":3,"minecraft:stone_pickaxe":1,"minecraft:oak_fence_gate":1,"minecraft:iron_ingot":84,"minecraft:oak_planks":24,"minecraft:cooked_porkchop":1,"minecraft:gravel":104,"minecraft:stripped_spruce_log":2,"minecraft:spruce_sapling":54,"minecraft:white_bed":3,"minecraft:spruce_log":717,"minecraft:grass":20,"minecraft:gray_wool":1,"minecraft:mangrove_propagule":2,"minecraft:black_wool":2,"minecraft:coal":22},"minecraft:killed_by":{"minecraft:stray":1},"minecraft:used":{"minecraft:oak_fence":26,"minecraft:stone_shovel":117,"minecraft:poppy":2,"minecraft:chest":3,"minecraft:spruce_planks":4,"minecraft:shield":6,"minecraft:bell":3,"minecraft:stone_hoe":13,"minecraft:iron_chestplate":1,"minecraft:torch":8,"minecraft:dirt":49,"minecraft:mutton":3,"minecraft:carrot":25,"minecraft:oak_fence_gate":1,"minecraft:stripped_spruce_log":2,"minecraft:wooden_axe":1,"minecraft:iron_axe":916,"minecraft:iron_helmet":1,"minecraft:light_gray_wool":2,"minecraft:beef":3,"minecraft:furnace":1,"minecraft:egg":11,"minecraft:cooked_beef":3,"minecraft:potato":1,"minecraft:wheat_seeds":61,"minecraft:cooked_mutton":14,"minecraft:cobblestone_stairs":23,"minecraft:stone_pickaxe":86,"minecraft:oak_planks":235,"minecraft:wooden_pickaxe":29,"minecraft:sugar_cane":9,"minecraft:fletching_table":4,"minecraft:white_wool":23,"minecraft:crafting_table":7,"minecraft:white_bed":6,"minecraft:shears":3,"minecraft:spruce_log":15,"minecraft:chicken":1,"minecraft:mangrove_propagule":3,"minecraft:bread":9,"minecraft:iron_pickaxe":17,"minecraft:spruce_sapling":48,"minecraft:gravel":104,"minecraft:stone_axe":133,"minecraft:cobblestone":29,"minecraft:smithing_table":3,"minecraft:yellow_bed":6,"minecraft:gray_wool":1,"minecraft:bone_meal":6},"minecraft:killed":{"minecraft:spider":1,"minecraft:skeleton":1,"minecraft:chicken":4,"minecraft:pig":1,"minecraft:iron_golem":18,"minecraft:creeper":1,"minecraft:sheep":12,"minecraft:trader_llama":2,"minecraft:zombie":3,"minecraft:cow":10},"minecraft:crafted":{"minecraft:oak_planks":328,"minecraft:mangrove_propagule":1,"minecraft:stone_shovel":37,"minecraft:cobblestone_stairs":20,"minecraft:bone_meal":6,"minecraft:cooked_mutton":15,"minecraft:iron_boots":2,"minecraft:iron_axe":6,"minecraft:stone_pickaxe":2,"minecraft:chest":3,"minecraft:stone_hoe":1,"minecraft:wheat":243,"minecraft:cooked_beef":3,"minecraft:emerald":131,"minecraft:crafting_table":2,"minecraft:spruce_planks":2820,"minecraft:iron_helmet":2,"minecraft:wooden_pickaxe":1,"minecraft:fletching_table":4,"minecraft:stone_axe":52,"minecraft:bread":96,"minecraft:air":0,"minecraft:iron_chestplate":2,"minecraft:shield":2,"minecraft:stick":5668,"minecraft:iron_pickaxe":2,"minecraft:wooden_axe":2,"minecraft:iron_shovel":3,"minecraft:iron_leggings":2,"minecraft:white_bed":6,"minecraft:shears":2},"minecraft:dropped":{"minecraft:stone_hoe":1,"minecraft:iron_ingot":2,"minecraft:bread":101,"minecraft:wheat_seeds":20,"minecraft:smithing_table":1,"minecraft:iron_helmet":1,"minecraft:feather":2,"minecraft:cobblestone":30,"minecraft:lead":2,"minecraft:leather":3,"minecraft:stick":1106,"minecraft:dirt":9,"minecraft:mutton":2,"minecraft:wooden_axe":2,"minecraft:iron_leggings":1,"minecraft:iron_axe":2,"minecraft:iron_pickaxe":2,"minecraft:string":2,"minecraft:bone":1,"minecraft:stone_axe":49,"minecraft:birch_sapling":1,"minecraft:wheat":1,"minecraft:stone_shovel":37,"minecraft:rotten_flesh":2,"minecraft:oak_planks":5,"minecraft:iron_boots":2,"minecraft:white_bed":3,"minecraft:shears":2,"minecraft:carrot":65,"minecraft:poppy":1,"minecraft:potato":85,"minecraft:shield":1,"minecraft:spruce_planks":548,"minecraft:iron_chestplate":1,"minecraft:arrow":1,"minecraft:wooden_pickaxe":1,"minecraft:beef":4,"minecraft:stone_pickaxe":2,"minecraft:black_wool":1,"minecraft:egg":2}},"DataVersion":3465}