{"stats":{"minecraft:dropped":{"minecraft:stone_hoe":1,"minecraft:stone_axe":1,"minecraft:wheat_seeds":2,"minecraft:birch_sapling":1,"minecraft:cobblestone":30,"minecraft:dirt":1,"minecraft:wooden_axe":2,"minecraft:arrow":1,"minecraft:stone_pickaxe":2,"minecraft:beef":4,"minecraft:wooden_pickaxe":1,"minecraft:bone":1},"minecraft:used":{"minecraft:stone_pickaxe":44,"minecraft:oak_planks":222,"minecraft:wooden_pickaxe":29,"minecraft:bell":3,"minecraft:stone_hoe":13,"minecraft:mutton":3,"minecraft:crafting_table":5,"minecraft:white_bed":1,"minecraft:wooden_axe":1,"minecraft:bread":5,"minecraft:light_gray_wool":2,"minecraft:stone_axe":100,"minecraft:cobblestone":2,"minecraft:beef":3,"minecraft:furnace":1,"minecraft:yellow_bed":6,"minecraft:gray_wool":1},"minecraft:picked_up":{"minecraft:crafting_table":4,"minecraft:feather":2,"minecraft:chicken":1,"minecraft:leather":10,"minecraft:potato":1,"minecraft:oak_log":60,"minecraft:yellow_bed":6,"minecraft:dirt":1,"minecraft:bone":1,"minecraft:wheat_seeds":4,"minecraft:bell":3,"minecraft:beef":14,"minecraft:stone_pickaxe":1,"minecraft:light_gray_wool":2,"minecraft:sugar_cane":9,"minecraft:birch_sapling":1,"minecraft:oak_planks":5,"minecraft:egg":1,"minecraft:furnace":1,"minecraft:composter":7,"minecraft:torch":1,"minecraft:white_bed":1,"minecraft:arrow":1,"minecraft:hay_block":27,"minecraft:gray_wool":1,"minecraft:black_wool":1,"minecraft:mutton":24,"minecraft:coal":22,"minecraft:white_wool":12,"minecraft:cobblestone":67},"minecraft:crafted":{"minecraft:oak_planks":240,"minecraft:crafting_table":1,"minecraft:wooden_pickaxe":1,"minecraft:stone_axe":2,"minecraft:bread":36,"minecraft:stick":20,"minecraft:stone_pickaxe":2,"minecraft:wooden_axe":2,"minecraft:stone_hoe":1,"minecraft:wheat":243},"minecraft:custom":{"minecraft:mob_kills":20,"minecraft:interact_with_crafting_table":8,"minecraft:bell_ring":62,"minecraft:time_since_death":27319,"minecraft:sleep_in_bed":1,"minecraft:time_since_rest":12165,"minecraft:sprint_one_cm":104894,"minecraft:damage_taken":420,"minecraft:walk_one_cm":59613,"minecraft:drop":15,"minecraft:damage_dealt":1765,"minecraft:swim_one_cm":1108,"minecraft:fly_one_cm":135933,"minecraft:open_chest":3,"minecraft:crouch_one_cm":14777,"minecraft:play_time":28067,"minecraft:deaths":1,"minecraft:sneak_time":3121,"minecraft:walk_under_water_one_cm":907,"minecraft:jump":646,"minecraft:walk_on_water_one_cm":2085,"minecraft:total_world_time":28067,"minecraft:fall_one_cm":14521},"minecraft:killed_by":{"minecraft:stray":1},"minecraft:mined":{"minecraft:white_bed":1,"minecraft:crafting_table":3,"minecraft:grass_block":1,"minecraft:oak_planks":8,"minecraft:sugar_cane":4,"minecraft:composter":7,"minecraft:wall_torch":1,"minecraft:hay_block":12,"minecraft:yellow_bed":6,"minecraft:bell":3,"minecraft:grass":6,"minecraft:coal_ore":22,"minecraft:potatoes":1,"minecraft:oak_log":60,"minecraft:stone":45,"minecraft:oak_leaves":2},"minecraft:killed":{"minecraft:sheep":11,"minecraft:chicken":2,"minecraft:cow":7}},"DataVersion":3465}