{"stats":{"minecraft:killed_by":{"minecraft:player":1,"minecraft:stray":1,"minecraft:ender_dragon":1},"minecraft:killed":{"minecraft:cave_spider":5,"minecraft:spider":5,"minecraft:shulker":8,"minecraft:skeleton":29,"minecraft:chicken":6,"minecraft:pig":8,"minecraft:iron_golem":23,"minecraft:ender_dragon":1,"minecraft:creeper":4,"minecraft:sheep":15,"minecraft:trader_llama":2,"minecraft:zombie":29,"minecraft:donkey":1,"minecraft:blaze":17,"minecraft:cow":14,"minecraft:drowned":1,"minecraft:squid":2,"minecraft:villager":3,"minecraft:enderman":15},"minecraft:used":{"minecraft:iron_shovel":270,"minecraft:poppy":4,"minecraft:spruce_slab":28,"minecraft:mangrove_fence_gate":1,"minecraft:diamond_hoe":321,"minecraft:elytra":4,"minecraft:oak_sign":13,"minecraft:chest":13,"minecraft:shield":66,"minecraft:stone":224,"minecraft:iron_sword":220,"minecraft:bell":3,"minecraft:iron_chestplate":1,"minecraft:mutton":3,"minecraft:carrot":346,"minecraft:stripped_spruce_log":2,"minecraft:obsidian":2,"minecraft:spruce_boat":15,"minecraft:glass":205,"minecraft:lava_bucket":1,"minecraft:villager_spawn_egg":17,"minecraft:iron_helmet":1,"minecraft:repeater":1,"minecraft:bow":105,"minecraft:furnace":7,"minecraft:mangrove_slab":24,"minecraft:egg":20,"minecraft:potato":1,"minecraft:golden_boots":1,"minecraft:diamond_boots":1,"minecraft:stone_pickaxe":86,"minecraft:chorus_fruit":4,"minecraft:oak_planks":554,"minecraft:mangrove_planks":164,"minecraft:ender_pearl":12,"minecraft:wooden_pickaxe":29,"minecraft:composter":14,"minecraft:diamond_axe":900,"minecraft:sugar_cane":30,"minecraft:white_wool":23,"minecraft:blast_furnace":3,"minecraft:shears":3,"minecraft:end_stone":23,"minecraft:sticky_piston":4,"minecraft:lever":6,"minecraft:bread":82,"minecraft:lectern":301,"minecraft:gravel":140,"minecraft:diamond_sword":229,"minecraft:grindstone":2,"minecraft:smithing_table":3,"minecraft:andesite":70,"minecraft:oak_boat":1,"minecraft:bone_meal":733,"minecraft:oak_fence":26,"minecraft:oak_trapdoor":1,"minecraft:purpur_block":4,"minecraft:flint_and_steel":1,"minecraft:stone_shovel":117,"minecraft:redstone":9,"minecraft:spruce_planks":152,"minecraft:ender_chest":1,"minecraft:stone_hoe":13,"minecraft:oak_door":1,"minecraft:torch":85,"minecraft:dragon_egg":1,"minecraft:brewing_stand":1,"minecraft:dirt":551,"minecraft:anvil":6,"minecraft:shulker_box":2,"minecraft:diamond_helmet":1,"minecraft:spruce_fence":4,"minecraft:oak_fence_gate":1,"minecraft:wooden_axe":1,"minecraft:bookshelf":8,"minecraft:iron_axe":1064,"minecraft:oak_stairs":3,"minecraft:slime_block":16,"minecraft:light_gray_wool":2,"minecraft:diamond_chestplate":3,"minecraft:beef":3,"minecraft:minecart":3,"minecraft:cooked_beef":7,"minecraft:cobbled_deepslate":22,"minecraft:observer":23,"minecraft:wheat_seeds":61,"minecraft:cooked_mutton":14,"minecraft:water_bucket":15,"minecraft:cobblestone_stairs":23,"minecraft:fletching_table":4,"minecraft:rail":65,"minecraft:crafting_table":15,"minecraft:white_bed":32,"minecraft:smoker":2,"minecraft:spruce_log":104,"minecraft:piston":1,"minecraft:ender_eye":35,"minecraft:diamond_pickaxe":974,"minecraft:diamond_shovel":332,"minecraft:chicken":1,"minecraft:mangrove_propagule":3,"minecraft:iron_pickaxe":505,"minecraft:spruce_sapling":70,"minecraft:stone_slab":16,"minecraft:spruce_trapdoor":57,"minecraft:stone_axe":133,"minecraft:cobblestone":251,"minecraft:porkchop":1,"minecraft:cooked_porkchop":9,"minecraft:bucket":9,"minecraft:pumpkin_pie":18,"minecraft:glass_pane":4,"minecraft:yellow_bed":6,"minecraft:splash_potion":3,"minecraft:gray_wool":1,"minecraft:diamond_leggings":1,"minecraft:smooth_stone":3},"minecraft:dropped":{"minecraft:iron_sword":2,"minecraft:soul_sand":8,"minecraft:porkchop":7,"minecraft:diamond_axe":4,"minecraft:warped_fungus":1,"minecraft:ender_pearl":1,"minecraft:cookie":408,"minecraft:leather":13,"minecraft:emerald":1,"minecraft:flint":1,"minecraft:dirt":24,"minecraft:cornflower":1,"minecraft:mutton":7,"minecraft:bone_meal":2,"minecraft:iron_pickaxe":5,"minecraft:white_wool":3,"minecraft:gold_ingot":50,"minecraft:bone":8,"minecraft:oak_door":3,"minecraft:gravel":19,"minecraft:emerald_block":192,"minecraft:stone_axe":50,"minecraft:blackstone":36,"minecraft:sugar_cane":9,"minecraft:mangrove_roots":30,"minecraft:nether_brick":35,"minecraft:wheat":1,"minecraft:birch_sapling":1,"minecraft:beetroot":2,"minecraft:rotten_flesh":27,"minecraft:oak_planks":43,"minecraft:diamond_shovel":2,"minecraft:end_stone":5,"minecraft:mossy_stone_brick_slab":2,"minecraft:white_bed":3,"minecraft:salmon":3,"minecraft:carrot":71,"minecraft:chainmail_chestplate":12,"minecraft:poppy":6,"minecraft:gunpowder":8,"minecraft:coal_ore":40,"minecraft:chainmail_boots":12,"minecraft:arrow":147,"minecraft:glass":1,"minecraft:beef":4,"minecraft:crying_obsidian":7,"minecraft:bread":334,"minecraft:iron_ingot":3,"minecraft:egg":2,"minecraft:stone_hoe":1,"minecraft:golden_boots":1,"minecraft:wheat_seeds":108,"minecraft:lilac":6,"minecraft:smithing_table":1,"minecraft:diamond_leggings":1,"minecraft:feather":4,"minecraft:mangrove_propagule":1,"minecraft:iron_helmet":2,"minecraft:cobblestone":72,"minecraft:lead":2,"minecraft:apple":44,"minecraft:granite":6,"minecraft:stick":1114,"minecraft:diorite":24,"minecraft:torch":57,"minecraft:wooden_axe":2,"minecraft:iron_door":2,"minecraft:diamond_helmet":1,"minecraft:iron_leggings":2,"minecraft:iron_axe":39,"minecraft:iron_shovel":2,"minecraft:string":23,"minecraft:dandelion":2,"minecraft:purpur_pillar":3,"minecraft:anvil":4,"minecraft:moss_carpet":1,"minecraft:kelp":2,"minecraft:raw_iron":10,"minecraft:stone_shovel":73,"minecraft:iron_boots":14,"minecraft:ender_eye":2,"minecraft:oak_sign":1,"minecraft:shears":2,"minecraft:copper_ore":14,"minecraft:diamond_sword":1,"minecraft:potato":85,"minecraft:stone":7,"minecraft:shield":1,"minecraft:diamond_chestplate":1,"minecraft:spruce_planks":548,"minecraft:diamond_pickaxe":2,"minecraft:iron_chestplate":2,"minecraft:spider_eye":1,"minecraft:diamond_boots":1,"minecraft:bow":2,"minecraft:stone_pickaxe":2,"minecraft:wooden_pickaxe":1,"minecraft:bell":41,"minecraft:black_wool":1},"minecraft:mined":{"minecraft:white_bed":7,"minecraft:spruce_planks":42,"minecraft:mossy_stone_brick_slab":2,"minecraft:cobblestone_stairs":6,"minecraft:brewing_stand":2,"minecraft:obsidian":1,"minecraft:spruce_trapdoor":1,"minecraft:granite":7,"minecraft:grass_block":376,"minecraft:composter":11,"minecraft:oxeye_daisy":1,"minecraft:spawner":3,"minecraft:magma_block":2,"minecraft:fire":9,"minecraft:iron_ore":109,"minecraft:sticky_piston":3,"minecraft:anvil":1,"minecraft:dirt_path":72,"minecraft:oak_stairs":16,"minecraft:end_stone_bricks":2,"minecraft:spruce_slab":7,"minecraft:piston_head":1,"minecraft:kelp_plant":1,"minecraft:smoker":1,"minecraft:torch":1,"minecraft:blast_furnace":1,"minecraft:poppy":2,"minecraft:glass":12,"minecraft:cobblestone":60,"minecraft:slime_block":16,"minecraft:oak_planks":80,"minecraft:sugar_cane":61,"minecraft:iron_door":12,"minecraft:wall_torch":11,"minecraft:repeater":1,"minecraft:wheat":14,"minecraft:warped_fungus":1,"minecraft:purpur_block":8,"minecraft:grass":143,"minecraft:oak_log":144,"minecraft:dirt":213,"minecraft:mangrove_log":43,"minecraft:netherrack":15,"minecraft:piston":1,"minecraft:oak_leaves":6,"minecraft:deepslate":35,"minecraft:crying_obsidian":2,"minecraft:tuff":5,"minecraft:mossy_cobblestone":5,"minecraft:deepslate_diamond_ore":6,"minecraft:mangrove_roots":31,"minecraft:end_stone":29,"minecraft:glow_lichen":1,"minecraft:lever":1,"minecraft:redstone_wire":6,"minecraft:spruce_leaves":214,"minecraft:kelp":3,"minecraft:mangrove_propagule":2,"minecraft:hay_block":12,"minecraft:redstone_ore":4,"minecraft:spruce_sapling":2,"minecraft:furnace":6,"minecraft:carrots":8,"minecraft:andesite":69,"minecraft:stripped_spruce_log":4,"minecraft:gold_block":1,"minecraft:bell":3,"minecraft:bookshelf":8,"minecraft:potatoes":8,"minecraft:rail":21,"minecraft:deepslate_iron_ore":2,"minecraft:vine":11,"minecraft:stripped_oak_log":5,"minecraft:chorus_plant":3,"minecraft:stone":909,"minecraft:white_wool":17,"minecraft:ender_chest":1,"minecraft:smithing_table":1,"minecraft:podzol":26,"minecraft:glass_pane":4,"minecraft:magenta_stained_glass":1,"minecraft:observer":23,"minecraft:oak_fence":1,"minecraft:crafting_table":7,"minecraft:lectern":288,"minecraft:stone_slab":1,"minecraft:purpur_pillar":3,"minecraft:tall_grass":25,"minecraft:copper_ore":15,"minecraft:deepslate_gold_ore":21,"minecraft:lapis_ore":4,"minecraft:diorite":26,"minecraft:spruce_log":917,"minecraft:yellow_bed":6,"minecraft:mangrove_planks":18,"minecraft:mangrove_leaves":39,"minecraft:mangrove_slab":2,"minecraft:coal_ore":98,"minecraft:gravel":130,"minecraft:cobweb":42,"minecraft:cracked_stone_bricks":2,"minecraft:stone_bricks":3,"minecraft:mossy_stone_bricks":2,"minecraft:gold_ore":5},"minecraft:crafted":{"minecraft:grindstone":2,"minecraft:smooth_stone":9,"minecraft:oak_planks":740,"minecraft:blaze_powder":16,"minecraft:mangrove_fence_gate":1,"minecraft:stone":44,"minecraft:cobblestone_stairs":20,"minecraft:diamond_shovel":6,"minecraft:bookshelf":9,"minecraft:shulker_box":2,"minecraft:cooked_mutton":15,"minecraft:diamond_helmet":2,"minecraft:diamond_leggings":3,"minecraft:bow":8,"minecraft:iron_boots":14,"minecraft:chest":15,"minecraft:stone_hoe":1,"minecraft:ender_eye":15,"minecraft:golden_boots":2,"minecraft:smoker":1,"minecraft:arrow":224,"minecraft:emerald":689,"minecraft:cooked_porkchop":8,"minecraft:diamond_axe":11,"minecraft:crafting_table":8,"minecraft:spruce_planks":3220,"minecraft:wooden_pickaxe":1,"minecraft:iron_helmet":2,"minecraft:chainmail_chestplate":12,"minecraft:sticky_piston":9,"minecraft:fletching_table":4,"minecraft:apple":44,"minecraft:spruce_trapdoor":44,"minecraft:lectern":1,"minecraft:iron_chestplate":2,"minecraft:book":2,"minecraft:paper":6,"minecraft:diamond_pickaxe":4,"minecraft:shield":2,"minecraft:stick":5712,"minecraft:stone_slab":12,"minecraft:iron_ingot":74,"minecraft:iron_pickaxe":5,"minecraft:iron_block":3,"minecraft:gold_ingot":52,"minecraft:composter":3,"minecraft:shears":2,"minecraft:oak_door":3,"minecraft:cookie":216,"minecraft:mangrove_propagule":1,"minecraft:stone_shovel":73,"minecraft:diamond_hoe":4,"minecraft:furnace":5,"minecraft:blast_furnace":2,"minecraft:bone_meal":6,"minecraft:spruce_fence":6,"minecraft:lantern":12,"minecraft:iron_axe":46,"minecraft:spruce_slab":42,"minecraft:slime_ball":9,"minecraft:stone_pickaxe":2,"minecraft:diamond_boots":3,"minecraft:spruce_boat":2,"minecraft:minecart":1,"minecraft:wheat":243,"minecraft:cooked_beef":7,"minecraft:diamond_sword":2,"minecraft:iron_sword":2,"minecraft:bell":40,"minecraft:mangrove_planks":168,"minecraft:bucket":2,"minecraft:stone_axe":52,"minecraft:enchanted_book":28,"minecraft:bread":296,"minecraft:air":0,"minecraft:chainmail_boots":12,"minecraft:wooden_axe":2,"minecraft:iron_shovel":5,"minecraft:iron_leggings":2,"minecraft:anvil":1,"minecraft:white_bed":6,"minecraft:pumpkin_pie":48,"minecraft:torch":64,"minecraft:mangrove_slab":30,"minecraft:diamond_chestplate":2,"minecraft:ender_chest":1},"minecraft:custom":{"minecraft:animals_bred":2,"minecraft:interact_with_crafting_table":103,"minecraft:open_shulker_box":27,"minecraft:bell_ring":66,"minecraft:leave_game":6,"minecraft:time_since_death":222908,"minecraft:sprint_one_cm":1876807,"minecraft:damage_blocked_by_shield":1943,"minecraft:drop":1248,"minecraft:talked_to_villager":549,"minecraft:play_time":628880,"minecraft:deaths":4,"minecraft:jump":9475,"minecraft:interact_with_brewingstand":1,"minecraft:walk_on_water_one_cm":60168,"minecraft:interact_with_furnace":74,"minecraft:traded_with_villager":592,"minecraft:sleep_in_bed":30,"minecraft:open_enderchest":2,"minecraft:damage_dealt":53506,"minecraft:player_kills":2,"minecraft:crouch_one_cm":126350,"minecraft:interact_with_smoker":3,"minecraft:interact_with_smithing_table":1,"minecraft:mob_kills":193,"minecraft:interact_with_anvil":29,"minecraft:climb_one_cm":1405,"minecraft:walk_one_cm":1290312,"minecraft:sneak_time":41895,"minecraft:walk_under_water_one_cm":59375,"minecraft:boat_one_cm":181529,"minecraft:interact_with_blast_furnace":16,"minecraft:total_world_time":628880,"minecraft:interact_with_grindstone":7,"minecraft:time_since_rest":89834,"minecraft:damage_taken":5872,"minecraft:minecart_one_cm":18,"minecraft:swim_one_cm":68933,"minecraft:fly_one_cm":4003430,"minecraft:open_chest":281,"minecraft:aviate_one_cm":230779,"minecraft:fall_one_cm":195081},"minecraft:broken":{"minecraft:iron_shovel":1,"minecraft:stone_axe":1,"minecraft:iron_axe":5},"minecraft:picked_up":{"minecraft:shulker_shell":7,"minecraft:iron_chestplate":3,"minecraft:wheat":11,"minecraft:anvil":5,"minecraft:smithing_table":2,"minecraft:stone_slab":1,"minecraft:lead":9,"minecraft:diamond_sword":2,"minecraft:oak_stairs":5,"minecraft:enchanted_book":1,"minecraft:nether_brick":43,"minecraft:brewing_stand":2,"minecraft:string":48,"minecraft:iron_leggings":3,"minecraft:sticky_piston":4,"minecraft:beetroot":2,"minecraft:diamond_leggings":4,"minecraft:cobbled_deepslate":52,"minecraft:bucket":1,"minecraft:spruce_planks":585,"minecraft:ender_eye":8,"minecraft:iron_pickaxe":6,"minecraft:mangrove_log":42,"minecraft:iron_boots":2,"minecraft:furnace":5,"minecraft:stick":1158,"minecraft:composter":11,"minecraft:oak_fence":37,"minecraft:torch":56,"minecraft:purpur_pillar":3,"minecraft:porkchop":22,"minecraft:golden_axe":1,"minecraft:pointed_dripstone":2,"minecraft:diorite":28,"minecraft:rotten_flesh":37,"minecraft:music_disc_ward":2,"minecraft:mangrove_roots":30,"minecraft:blaze_rod":10,"minecraft:obsidian":19,"minecraft:cobblestone":502,"minecraft:magma_block":1,"minecraft:lilac":6,"minecraft:feather":6,"minecraft:cooked_beef":1,"minecraft:repeater":1,"minecraft:iron_door":12,"minecraft:water_bucket":2,"minecraft:andesite":91,"minecraft:potato":23,"minecraft:smoker":1,"minecraft:flint":24,"minecraft:tuff":3,"minecraft:dirt":678,"minecraft:lapis_lazuli":53,"minecraft:mangrove_slab":2,"minecraft:bone":19,"minecraft:bow":6,"minecraft:wheat_seeds":243,"minecraft:raw_gold":31,"minecraft:bell":4,"minecraft:diamond_helmet":7,"minecraft:mossy_stone_bricks":2,"minecraft:oak_planks":204,"minecraft:cooked_porkchop":3,"minecraft:stripped_spruce_log":9,"minecraft:ink_sac":6,"minecraft:spectral_arrow":43,"minecraft:mossy_cobblestone":2,"minecraft:diamond":17,"minecraft:spruce_boat":15,"minecraft:slime_block":16,"minecraft:lever":5,"minecraft:granite":12,"minecraft:grass":20,"minecraft:bone_meal":2,"minecraft:bread":320,"minecraft:emerald":4,"minecraft:chorus_fruit":40,"minecraft:netherrack":13,"minecraft:diamond_pickaxe":4,"minecraft:end_stone_bricks":2,"minecraft:crafting_table":8,"minecraft:chicken":7,"minecraft:splash_potion":1,"minecraft:gold_block":1,"minecraft:purpur_block":5,"minecraft:shield":3,"minecraft:cornflower":1,"minecraft:elytra":1,"minecraft:moss_carpet":1,"minecraft:iron_axe":3,"minecraft:iron_shovel":2,"minecraft:blackstone":36,"minecraft:glass_pane":4,"minecraft:beef":30,"minecraft:oak_boat":1,"minecraft:lectern":288,"minecraft:observer":23,"minecraft:iron_nugget":10,"minecraft:poppy":26,"minecraft:spruce_slab":7,"minecraft:light_gray_wool":2,"minecraft:minecart":3,"minecraft:sugar_cane":93,"minecraft:birch_sapling":1,"minecraft:piston":1,"minecraft:spruce_trapdoor":1,"minecraft:copper_ore":14,"minecraft:egg":18,"minecraft:raw_iron":294,"minecraft:end_stone":28,"minecraft:stone":624,"minecraft:oak_door":3,"minecraft:fire_charge":3,"minecraft:cookie":376,"minecraft:carrot":29,"minecraft:redstone":67,"minecraft:diamond_chestplate":4,"minecraft:arrow":149,"minecraft:shears":1,"minecraft:diamond_boots":4,"minecraft:hay_block":27,"minecraft:gold_ingot":6,"minecraft:mutton":33,"minecraft:white_wool":44,"minecraft:rail":27,"minecraft:stripped_oak_log":37,"minecraft:salmon":3,"minecraft:leather":23,"minecraft:oak_log":176,"minecraft:golden_boots":1,"minecraft:yellow_bed":6,"minecraft:gunpowder":8,"minecraft:cobblestone_stairs":6,"minecraft:apple":11,"minecraft:stone_bricks":2,"minecraft:kelp":2,"minecraft:oak_fence_gate":1,"minecraft:iron_ingot":114,"minecraft:stone_pickaxe":1,"minecraft:mangrove_planks":15,"minecraft:iron_sword":3,"minecraft:soul_sand":16,"minecraft:book":24,"minecraft:warped_fungus":2,"minecraft:emerald_block":199,"minecraft:dandelion":2,"minecraft:gravel":137,"minecraft:spruce_sapling":77,"minecraft:blast_furnace":1,"minecraft:white_bed":7,"minecraft:spruce_log":925,"minecraft:dragon_egg":2,"minecraft:crying_obsidian":7,"minecraft:mossy_stone_brick_slab":2,"minecraft:spider_eye":3,"minecraft:diamond_shovel":2,"minecraft:coal_ore":40,"minecraft:stone_axe":1,"minecraft:iron_helmet":3,"minecraft:diamond_axe":3,"minecraft:gray_wool":1,"minecraft:black_wool":2,"minecraft:mangrove_propagule":3,"minecraft:coal":110,"minecraft:ender_pearl":16}},"DataVersion":3465}