{"stats":{"minecraft:broken":{"minecraft:iron_axe":3,"minecraft:stone_axe":1},"minecraft:custom":{"minecraft:mob_kills":47,"minecraft:interact_with_crafting_table":32,"minecraft:bell_ring":65,"minecraft:leave_game":1,"minecraft:time_since_death":128411,"minecraft:sprint_one_cm":395977,"minecraft:walk_one_cm":273216,"minecraft:damage_blocked_by_shield":153,"minecraft:drop":728,"minecraft:talked_to_villager":27,"minecraft:play_time":129159,"minecraft:deaths":1,"minecraft:sneak_time":14060,"minecraft:walk_under_water_one_cm":3708,"minecraft:jump":2446,"minecraft:walk_on_water_one_cm":7815,"minecraft:total_world_time":129159,"minecraft:interact_with_furnace":11,"minecraft:traded_with_villager":156,"minecraft:sleep_in_bed":9,"minecraft:time_since_rest":2956,"minecraft:damage_taken":1069,"minecraft:damage_dealt":17909,"minecraft:player_kills":1,"minecraft:swim_one_cm":10332,"minecraft:fly_one_cm":519751,"minecraft:open_chest":44,"minecraft:crouch_one_cm":29701,"minecraft:fall_one_cm":47631},"minecraft:mined":{"minecraft:white_bed":3,"minecraft:cobblestone_stairs":3,"minecraft:grass_block":12,"minecraft:spruce_leaves":210,"minecraft:composter":7,"minecraft:hay_block":12,"minecraft:carrots":8,"minecraft:iron_ore":1,"minecraft:stripped_spruce_log":3,"minecraft:bell":3,"minecraft:potatoes":8,"minecraft:dirt_path":9,"minecraft:stone":47,"minecraft:white_wool":17,"minecraft:smithing_table":1,"minecraft:crafting_table":4,"minecraft:cobblestone":45,"minecraft:tall_grass":14,"minecraft:oak_planks":13,"minecraft:sugar_cane":4,"minecraft:wall_torch":1,"minecraft:wheat":14,"minecraft:spruce_log":523,"minecraft:yellow_bed":6,"minecraft:grass":72,"minecraft:coal_ore":22,"minecraft:oak_log":63,"minecraft:gravel":116,"minecraft:dirt":4,"minecraft:oak_leaves":2},"minecraft:picked_up":{"minecraft:crafting_table":5,"minecraft:wheat":11,"minecraft:chicken":2,"minecraft:smithing_table":1,"minecraft:lead":2,"minecraft:string":2,"minecraft:iron_axe":1,"minecraft:spruce_planks":548,"minecraft:beef":19,"minecraft:iron_pickaxe":1,"minecraft:poppy":14,"minecraft:light_gray_wool":2,"minecraft:sugar_cane":9,"minecraft:birch_sapling":1,"minecraft:iron_boots":1,"minecraft:furnace":1,"minecraft:egg":13,"minecraft:stick":1138,"minecraft:raw_iron":1,"minecraft:composter":7,"minecraft:torch":2,"minecraft:carrot":23,"minecraft:arrow":3,"minecraft:rotten_flesh":2,"minecraft:shears":1,"minecraft:hay_block":27,"minecraft:mutton":28,"minecraft:cobblestone":114,"minecraft:white_wool":37,"minecraft:feather":4,"minecraft:leather":13,"minecraft:potato":23,"minecraft:flint":12,"minecraft:oak_log":63,"minecraft:yellow_bed":6,"minecraft:cobblestone_stairs":3,"minecraft:dirt":25,"minecraft:bone":3,"minecraft:wheat_seeds":64,"minecraft:bell":3,"minecraft:iron_ingot":68,"minecraft:stone_pickaxe":1,"minecraft:oak_planks":6,"minecraft:cooked_porkchop":1,"minecraft:gravel":104,"minecraft:stripped_spruce_log":2,"minecraft:spruce_sapling":49,"minecraft:white_bed":3,"minecraft:spruce_log":535,"minecraft:grass":20,"minecraft:gray_wool":1,"minecraft:black_wool":2,"minecraft:coal":22},"minecraft:killed_by":{"minecraft:stray":1},"minecraft:used":{"minecraft:stone_shovel":117,"minecraft:poppy":2,"minecraft:spruce_planks":4,"minecraft:chest":3,"minecraft:shield":6,"minecraft:bell":3,"minecraft:stone_hoe":13,"minecraft:torch":2,"minecraft:dirt":24,"minecraft:mutton":3,"minecraft:carrot":25,"minecraft:stripped_spruce_log":2,"minecraft:wooden_axe":1,"minecraft:iron_axe":682,"minecraft:light_gray_wool":2,"minecraft:beef":3,"minecraft:furnace":1,"minecraft:egg":11,"minecraft:cooked_beef":3,"minecraft:potato":1,"minecraft:wheat_seeds":61,"minecraft:cooked_mutton":12,"minecraft:cobblestone_stairs":23,"minecraft:stone_pickaxe":86,"minecraft:oak_planks":225,"minecraft:wooden_pickaxe":29,"minecraft:fletching_table":4,"minecraft:white_wool":23,"minecraft:crafting_table":7,"minecraft:white_bed":4,"minecraft:shears":3,"minecraft:spruce_log":15,"minecraft:mangrove_propagule":1,"minecraft:chicken":1,"minecraft:bread":7,"minecraft:iron_pickaxe":17,"minecraft:spruce_sapling":48,"minecraft:gravel":104,"minecraft:stone_axe":132,"minecraft:cobblestone":29,"minecraft:smithing_table":2,"minecraft:yellow_bed":6,"minecraft:gray_wool":1,"minecraft:bone_meal":6},"minecraft:killed":{"minecraft:spider":1,"minecraft:skeleton":1,"minecraft:chicken":3,"minecraft:pig":1,"minecraft:iron_golem":15,"minecraft:sheep":12,"minecraft:trader_llama":2,"minecraft:zombie":2,"minecraft:cow":10},"minecraft:crafted":{"minecraft:oak_planks":320,"minecraft:mangrove_propagule":1,"minecraft:stone_shovel":13,"minecraft:cobblestone_stairs":20,"minecraft:bone_meal":6,"minecraft:cooked_mutton":15,"minecraft:iron_boots":2,"minecraft:iron_axe":5,"minecraft:stone_pickaxe":2,"minecraft:chest":3,"minecraft:stone_hoe":1,"minecraft:wheat":243,"minecraft:cooked_beef":3,"minecraft:emerald":119,"minecraft:crafting_table":2,"minecraft:spruce_planks":2092,"minecraft:wooden_pickaxe":1,"minecraft:fletching_table":4,"minecraft:stone_axe":28,"minecraft:bread":81,"minecraft:air":0,"minecraft:shield":2,"minecraft:stick":4212,"minecraft:iron_pickaxe":2,"minecraft:wooden_axe":2,"minecraft:iron_leggings":2,"minecraft:white_bed":4,"minecraft:shears":2},"minecraft:dropped":{"minecraft:stone_hoe":1,"minecraft:iron_ingot":2,"minecraft:bread":101,"minecraft:wheat_seeds":20,"minecraft:feather":2,"minecraft:cobblestone":30,"minecraft:lead":2,"minecraft:leather":2,"minecraft:stick":1106,"minecraft:dirt":1,"minecraft:mutton":2,"minecraft:wooden_axe":2,"minecraft:iron_axe":2,"minecraft:iron_pickaxe":2,"minecraft:string":2,"minecraft:bone":1,"minecraft:stone_axe":25,"minecraft:birch_sapling":1,"minecraft:wheat":1,"minecraft:stone_shovel":13,"minecraft:rotten_flesh":2,"minecraft:oak_planks":5,"minecraft:iron_boots":2,"minecraft:white_bed":3,"minecraft:shears":2,"minecraft:carrot":65,"minecraft:poppy":1,"minecraft:potato":85,"minecraft:shield":1,"minecraft:spruce_planks":548,"minecraft:arrow":1,"minecraft:wooden_pickaxe":1,"minecraft:beef":4,"minecraft:stone_pickaxe":2,"minecraft:black_wool":1,"minecraft:egg":2}},"DataVersion":3465}