{"stats":{"minecraft:dropped":{"minecraft:dirt":1,"minecraft:stone_axe":1,"minecraft:wheat_seeds":2,"minecraft:wooden_axe":2,"minecraft:birch_sapling":1,"minecraft:cobblestone":30,"minecraft:arrow":1,"minecraft:beef":4,"minecraft:stone_pickaxe":2,"minecraft:wooden_pickaxe":1,"minecraft:bone":1},"minecraft:used":{"minecraft:wooden_axe":1,"minecraft:stone_pickaxe":41,"minecraft:oak_planks":1,"minecraft:wooden_pickaxe":29,"minecraft:stone_axe":23,"minecraft:cobblestone":2,"minecraft:mutton":3,"minecraft:beef":3,"minecraft:crafting_table":3},"minecraft:picked_up":{"minecraft:feather":2,"minecraft:crafting_table":3,"minecraft:chicken":1,"minecraft:composter":1,"minecraft:leather":10,"minecraft:oak_log":6,"minecraft:yellow_bed":1,"minecraft:dirt":1,"minecraft:bone":1,"minecraft:arrow":1,"minecraft:wheat_seeds":2,"minecraft:beef":14,"minecraft:stone_pickaxe":1,"minecraft:gray_wool":1,"minecraft:light_gray_wool":2,"minecraft:furnace":1,"minecraft:black_wool":1,"minecraft:mutton":24,"minecraft:sugar_cane":7,"minecraft:birch_sapling":1,"minecraft:coal":22,"minecraft:white_wool":12,"minecraft:cobblestone":67,"minecraft:egg":1},"minecraft:crafted":{"minecraft:oak_planks":24,"minecraft:crafting_table":1,"minecraft:stick":20,"minecraft:wooden_pickaxe":1,"minecraft:stone_pickaxe":2,"minecraft:wooden_axe":2,"minecraft:stone_axe":2},"minecraft:custom":{"minecraft:time_since_rest":165,"minecraft:sprint_one_cm":60314,"minecraft:damage_taken":420,"minecraft:walk_one_cm":26295,"minecraft:mob_kills":20,"minecraft:drop":14,"minecraft:damage_dealt":1765,"minecraft:interact_with_crafting_table":6,"minecraft:swim_one_cm":676,"minecraft:fly_one_cm":91875,"minecraft:open_chest":1,"minecraft:crouch_one_cm":5484,"minecraft:play_time":16067,"minecraft:deaths":1,"minecraft:sneak_time":1352,"minecraft:walk_under_water_one_cm":243,"minecraft:jump":429,"minecraft:time_since_death":15319,"minecraft:walk_on_water_one_cm":159,"minecraft:sleep_in_bed":1,"minecraft:total_world_time":16067,"minecraft:fall_one_cm":11361},"minecraft:killed_by":{"minecraft:stray":1},"minecraft:mined":{"minecraft:yellow_bed":1,"minecraft:crafting_table":2,"minecraft:grass":5,"minecraft:oak_log":6,"minecraft:grass_block":1,"minecraft:coal_ore":22,"minecraft:composter":1,"minecraft:stone":45,"minecraft:sugar_cane":3,"minecraft:oak_leaves":2},"minecraft:killed":{"minecraft:sheep":11,"minecraft:chicken":2,"minecraft:cow":7}},"DataVersion":3465}