{"stats":{"minecraft:broken":{"minecraft:stone_axe":1},"minecraft:custom":{"minecraft:interact_with_furnace":8,"minecraft:mob_kills":27,"minecraft:interact_with_crafting_table":19,"minecraft:bell_ring":64,"minecraft:leave_game":1,"minecraft:time_since_death":62411,"minecraft:sleep_in_bed":4,"minecraft:time_since_rest":5192,"minecraft:sprint_one_cm":224496,"minecraft:damage_taken":558,"minecraft:walk_one_cm":137262,"minecraft:drop":84,"minecraft:damage_dealt":7773,"minecraft:talked_to_villager":1,"minecraft:swim_one_cm":2402,"minecraft:fly_one_cm":284984,"minecraft:open_chest":17,"minecraft:crouch_one_cm":23902,"minecraft:play_time":63159,"minecraft:deaths":1,"minecraft:sneak_time":8112,"minecraft:walk_under_water_one_cm":1949,"minecraft:jump":1331,"minecraft:walk_on_water_one_cm":4554,"minecraft:total_world_time":63159,"minecraft:fall_one_cm":24734},"minecraft:mined":{"minecraft:white_bed":1,"minecraft:cobblestone_stairs":3,"minecraft:crafting_table":4,"minecraft:grass_block":8,"minecraft:tall_grass":9,"minecraft:cobblestone":36,"minecraft:spruce_leaves":210,"minecraft:composter":7,"minecraft:sugar_cane":4,"minecraft:oak_planks":12,"minecraft:wall_torch":1,"minecraft:hay_block":12,"minecraft:spruce_log":94,"minecraft:stripped_spruce_log":1,"minecraft:yellow_bed":6,"minecraft:bell":3,"minecraft:grass":48,"minecraft:oak_log":63,"minecraft:potatoes":1,"minecraft:coal_ore":22,"minecraft:dirt_path":8,"minecraft:dirt":2,"minecraft:gravel":116,"minecraft:stone":47,"minecraft:white_wool":7,"minecraft:oak_leaves":2},"minecraft:picked_up":{"minecraft:crafting_table":5,"minecraft:feather":2,"minecraft:chicken":1,"minecraft:leather":10,"minecraft:potato":1,"minecraft:flint":12,"minecraft:oak_log":63,"minecraft:yellow_bed":6,"minecraft:cobblestone_stairs":3,"minecraft:dirt":18,"minecraft:bone":3,"minecraft:wheat_seeds":10,"minecraft:bell":3,"minecraft:iron_ingot":35,"minecraft:beef":14,"minecraft:stone_pickaxe":1,"minecraft:light_gray_wool":2,"minecraft:poppy":8,"minecraft:sugar_cane":9,"minecraft:birch_sapling":1,"minecraft:oak_planks":6,"minecraft:egg":8,"minecraft:furnace":1,"minecraft:stick":12,"minecraft:composter":7,"minecraft:torch":2,"minecraft:gravel":104,"minecraft:spruce_sapling":8,"minecraft:spruce_log":85,"minecraft:white_bed":1,"minecraft:arrow":3,"minecraft:hay_block":27,"minecraft:gray_wool":1,"minecraft:black_wool":1,"minecraft:mutton":24,"minecraft:coal":22,"minecraft:white_wool":19,"minecraft:cobblestone":105},"minecraft:killed_by":{"minecraft:stray":1},"minecraft:used":{"minecraft:cooked_mutton":5,"minecraft:cobblestone_stairs":23,"minecraft:stone_shovel":112,"minecraft:stone_pickaxe":86,"minecraft:poppy":2,"minecraft:oak_planks":223,"minecraft:chest":3,"minecraft:wooden_pickaxe":29,"minecraft:fletching_table":4,"minecraft:bell":3,"minecraft:stone_hoe":13,"minecraft:white_wool":19,"minecraft:torch":2,"minecraft:dirt":17,"minecraft:mutton":3,"minecraft:crafting_table":5,"minecraft:white_bed":1,"minecraft:spruce_log":2,"minecraft:wooden_axe":1,"minecraft:iron_axe":132,"minecraft:bread":6,"minecraft:iron_pickaxe":6,"minecraft:spruce_sapling":8,"minecraft:gravel":104,"minecraft:light_gray_wool":2,"minecraft:stone_axe":132,"minecraft:cobblestone":20,"minecraft:beef":3,"minecraft:furnace":1,"minecraft:yellow_bed":6,"minecraft:egg":7,"minecraft:bone_meal":6,"minecraft:gray_wool":1},"minecraft:killed":{"minecraft:pig":1,"minecraft:iron_golem":6,"minecraft:sheep":11,"minecraft:chicken":2,"minecraft:cow":7},"minecraft:crafted":{"minecraft:oak_planks":300,"minecraft:stone_shovel":1,"minecraft:crafting_table":1,"minecraft:wooden_pickaxe":1,"minecraft:cobblestone_stairs":20,"minecraft:fletching_table":4,"minecraft:bone_meal":6,"minecraft:stone_axe":4,"minecraft:bread":81,"minecraft:cooked_mutton":15,"minecraft:air":0,"minecraft:shield":2,"minecraft:iron_axe":2,"minecraft:stick":36,"minecraft:iron_pickaxe":2,"minecraft:stone_pickaxe":2,"minecraft:wooden_axe":2,"minecraft:chest":3,"minecraft:stone_hoe":1,"minecraft:wheat":243},"minecraft:dropped":{"minecraft:stone_hoe":1,"minecraft:bread":85,"minecraft:stone_axe":1,"minecraft:wheat_seeds":2,"minecraft:birch_sapling":1,"minecraft:cobblestone":30,"minecraft:dirt":1,"minecraft:shield":1,"minecraft:wooden_axe":2,"minecraft:iron_axe":1,"minecraft:arrow":1,"minecraft:stone_pickaxe":2,"minecraft:beef":4,"minecraft:wooden_pickaxe":1,"minecraft:iron_pickaxe":1,"minecraft:egg":1,"minecraft:bone":1}},"DataVersion":3465}