{"stats":{"minecraft:dropped":{"minecraft:furnace":1,"minecraft:mutton":6,"minecraft:crafting_table":1,"minecraft:cobblestone":22,"minecraft:white_wool":5},"minecraft:used":{"minecraft:wooden_axe":30,"minecraft:mutton":2,"minecraft:beef":4},"minecraft:picked_up":{"minecraft:wooden_axe":2,"minecraft:crafting_table":1,"minecraft:feather":1,"minecraft:chicken":1,"minecraft:oak_log":2,"minecraft:white_bed":2,"minecraft:dirt":36,"minecraft:stone_axe":1,"minecraft:wheat_seeds":2,"minecraft:beef":4,"minecraft:stone_pickaxe":1,"minecraft:black_wool":1,"minecraft:mutton":8,"minecraft:birch_sapling":1,"minecraft:snowball":10,"minecraft:white_wool":5,"minecraft:cobblestone":30},"minecraft:crafted":{"minecraft:furnace":1},"minecraft:custom":{"minecraft:time_since_rest":165,"minecraft:sprint_one_cm":45247,"minecraft:damage_taken":830,"minecraft:walk_one_cm":40615,"minecraft:mob_kills":7,"minecraft:drop":8,"minecraft:damage_dealt":798,"minecraft:swim_one_cm":898,"minecraft:interact_with_crafting_table":1,"minecraft:fly_one_cm":24720,"minecraft:play_time":16890,"minecraft:deaths":2,"minecraft:walk_under_water_one_cm":2574,"minecraft:jump":267,"minecraft:walk_on_water_one_cm":1727,"minecraft:time_since_death":13924,"minecraft:sleep_in_bed":1,"minecraft:total_world_time":16890,"minecraft:fall_one_cm":6891},"minecraft:killed_by":{"minecraft:stray":1,"minecraft:zombie":1},"minecraft:mined":{"minecraft:white_bed":2,"minecraft:crafting_table":1,"minecraft:grass":10,"minecraft:grass_block":3,"minecraft:oak_log":2,"minecraft:tall_grass":4},"minecraft:killed":{"minecraft:sheep":6}},"DataVersion":3465}