{"stats":{"minecraft:custom":{"minecraft:time_since_rest":9357,"minecraft:interact_with_furnace":3,"minecraft:sprint_one_cm":132747,"minecraft:damage_taken":840,"minecraft:walk_one_cm":63421,"minecraft:mob_kills":10,"minecraft:drop":44,"minecraft:damage_dealt":2938,"minecraft:swim_one_cm":4157,"minecraft:interact_with_crafting_table":1,"minecraft:fly_one_cm":63765,"minecraft:open_chest":3,"minecraft:play_time":40176,"minecraft:deaths":2,"minecraft:walk_under_water_one_cm":3763,"minecraft:jump":509,"minecraft:time_since_death":37210,"minecraft:walk_on_water_one_cm":9385,"minecraft:sleep_in_bed":2,"minecraft:total_world_time":40176,"minecraft:fall_one_cm":10773},"minecraft:mined":{"minecraft:hay_block":15,"minecraft:white_bed":5,"minecraft:oak_fence":1,"minecraft:crafting_table":1,"minecraft:grass":11,"minecraft:grass_block":3,"minecraft:oak_log":17,"minecraft:cobblestone":6,"minecraft:tall_grass":4,"minecraft:oak_leaves":7,"minecraft:wall_torch":3},"minecraft:picked_up":{"minecraft:wooden_axe":2,"minecraft:crafting_table":1,"minecraft:feather":1,"minecraft:chicken":1,"minecraft:oak_fence":1,"minecraft:torch":4,"minecraft:porkchop":2,"minecraft:oak_log":17,"minecraft:white_bed":5,"minecraft:dirt":36,"minecraft:apple":1,"minecraft:stone_axe":1,"minecraft:wheat_seeds":3,"minecraft:hay_block":15,"minecraft:iron_ingot":15,"minecraft:beef":4,"minecraft:stone_pickaxe":1,"minecraft:bread":21,"minecraft:poppy":3,"minecraft:oak_sapling":2,"minecraft:stone_hoe":1,"minecraft:black_wool":1,"minecraft:birch_sapling":2,"minecraft:mutton":8,"minecraft:oak_planks":1,"minecraft:snowball":10,"minecraft:white_wool":5,"minecraft:cobblestone":36,"minecraft:egg":1},"minecraft:killed_by":{"minecraft:stray":1,"minecraft:zombie":1},"minecraft:used":{"minecraft:oak_log":1,"minecraft:wooden_axe":30,"minecraft:stone_pickaxe":8,"minecraft:bread":5,"minecraft:oak_planks":4,"minecraft:stone_hoe":19,"minecraft:stone_axe":66,"minecraft:mutton":2,"minecraft:beef":4,"minecraft:white_bed":5},"minecraft:killed":{"minecraft:sheep":6,"minecraft:pig":1,"minecraft:iron_golem":2},"minecraft:crafted":{"minecraft:oak_planks":4,"minecraft:furnace":1},"minecraft:dropped":{"minecraft:iron_ingot":15,"minecraft:furnace":1,"minecraft:hay_block":15,"minecraft:torch":4,"minecraft:mutton":6,"minecraft:crafting_table":1,"minecraft:birch_sapling":1,"minecraft:cobblestone":22,"minecraft:white_wool":5,"minecraft:poppy":3,"minecraft:stone_hoe":1}},"DataVersion":3465}