{"stats":{"minecraft:custom":{"minecraft:interact_with_furnace":7,"minecraft:mob_kills":10,"minecraft:interact_with_crafting_table":3,"minecraft:time_since_death":49210,"minecraft:sleep_in_bed":3,"minecraft:time_since_rest":7647,"minecraft:sprint_one_cm":152724,"minecraft:damage_taken":840,"minecraft:walk_one_cm":65644,"minecraft:drop":45,"minecraft:damage_dealt":2938,"minecraft:swim_one_cm":4157,"minecraft:fly_one_cm":70648,"minecraft:open_chest":5,"minecraft:play_time":52176,"minecraft:deaths":2,"minecraft:walk_under_water_one_cm":3763,"minecraft:jump":556,"minecraft:walk_on_water_one_cm":10498,"minecraft:total_world_time":52176,"minecraft:fall_one_cm":10982},"minecraft:mined":{"minecraft:white_bed":5,"minecraft:oak_fence":1,"minecraft:crafting_table":1,"minecraft:grass_block":4,"minecraft:tall_grass":4,"minecraft:cobblestone":15,"minecraft:wall_torch":3,"minecraft:hay_block":15,"minecraft:grass":11,"minecraft:oak_log":21,"minecraft:beetroots":1,"minecraft:dirt_path":3,"minecraft:dirt":6,"minecraft:oak_leaves":7},"minecraft:picked_up":{"minecraft:wooden_axe":2,"minecraft:crafting_table":1,"minecraft:feather":1,"minecraft:chicken":1,"minecraft:oak_log":21,"minecraft:shield":1,"minecraft:dirt":46,"minecraft:iron_axe":1,"minecraft:apple":1,"minecraft:wheat_seeds":3,"minecraft:stone_pickaxe":1,"minecraft:beef":4,"minecraft:iron_ingot":15,"minecraft:cooked_chicken":1,"minecraft:poppy":3,"minecraft:iron_pickaxe":1,"minecraft:oak_planks":1,"minecraft:birch_sapling":2,"minecraft:stone_hoe":1,"minecraft:egg":1,"minecraft:oak_fence":1,"minecraft:torch":4,"minecraft:porkchop":3,"minecraft:white_bed":5,"minecraft:stone_axe":1,"minecraft:hay_block":15,"minecraft:bread":21,"minecraft:oak_sapling":2,"minecraft:black_wool":1,"minecraft:mutton":8,"minecraft:snowball":10,"minecraft:white_wool":5,"minecraft:cobblestone":45},"minecraft:killed_by":{"minecraft:stray":1,"minecraft:zombie":1},"minecraft:used":{"minecraft:stone_pickaxe":17,"minecraft:oak_planks":4,"minecraft:chest":1,"minecraft:stone_hoe":19,"minecraft:mutton":2,"minecraft:white_bed":5,"minecraft:oak_log":1,"minecraft:wooden_axe":30,"minecraft:iron_axe":14,"minecraft:bread":5,"minecraft:stone_axe":66,"minecraft:beef":4,"minecraft:furnace":1},"minecraft:killed":{"minecraft:pig":1,"minecraft:iron_golem":2,"minecraft:sheep":6},"minecraft:dropped":{"minecraft:stone_hoe":1,"minecraft:iron_ingot":15,"minecraft:furnace":1,"minecraft:cooked_chicken":1,"minecraft:crafting_table":1,"minecraft:birch_sapling":1,"minecraft:cobblestone":22,"minecraft:poppy":3,"minecraft:hay_block":15,"minecraft:torch":4,"minecraft:mutton":6,"minecraft:white_wool":5},"minecraft:crafted":{"minecraft:cooked_beef":4,"minecraft:oak_planks":12,"minecraft:cooked_chicken":1,"minecraft:furnace":2,"minecraft:oak_wood":3,"minecraft:cooked_mutton":27,"minecraft:chest":1}},"DataVersion":3465}