{"stats":{"minecraft:broken":{"minecraft:iron_axe":1,"minecraft:stone_axe":1},"minecraft:custom":{"minecraft:mob_kills":21,"minecraft:interact_with_crafting_table":12,"minecraft:bell_ring":86,"minecraft:leave_game":1,"minecraft:time_since_death":29825,"minecraft:climb_one_cm":214,"minecraft:sprint_one_cm":409773,"minecraft:walk_one_cm":877493,"minecraft:drop":444,"minecraft:talked_to_villager":6,"minecraft:play_time":321066,"minecraft:sneak_time":1,"minecraft:deaths":10,"minecraft:walk_under_water_one_cm":53169,"minecraft:boat_one_cm":128364,"minecraft:jump":3847,"minecraft:interact_with_blast_furnace":2,"minecraft:walk_on_water_one_cm":65033,"minecraft:total_world_time":321066,"minecraft:interact_with_furnace":19,"minecraft:sleep_in_bed":15,"minecraft:time_since_rest":11884,"minecraft:damage_taken":4514,"minecraft:damage_dealt":6312,"minecraft:swim_one_cm":23018,"minecraft:fly_one_cm":201522,"minecraft:player_kills":1,"minecraft:open_chest":57,"minecraft:fall_one_cm":75512,"minecraft:interact_with_smoker":2},"minecraft:mined":{"minecraft:nether_gold_ore":3,"minecraft:white_bed":7,"minecraft:mossy_cobblestone":2,"minecraft:deepslate_diamond_ore":3,"minecraft:oak_door":3,"minecraft:granite":1,"minecraft:grass_block":23,"minecraft:kelp":4,"minecraft:hay_block":15,"minecraft:redstone_ore":1,"minecraft:carrots":131,"minecraft:iron_ore":20,"minecraft:fire":3,"minecraft:stripped_spruce_log":3,"minecraft:deepslate_lapis_ore":5,"minecraft:peony":4,"minecraft:potatoes":21,"minecraft:pointed_dripstone":7,"minecraft:dirt_path":8,"minecraft:deepslate_iron_ore":9,"minecraft:oak_stairs":39,"minecraft:stripped_oak_log":16,"minecraft:stone":59,"minecraft:deepslate_redstone_ore":14,"minecraft:glass_pane":3,"minecraft:kelp_plant":4,"minecraft:dandelion":3,"minecraft:oak_fence":32,"minecraft:crafting_table":1,"minecraft:torch":4,"minecraft:chest":1,"minecraft:tall_grass":61,"minecraft:cobblestone":55,"minecraft:deepslate_gold_ore":18,"minecraft:lapis_ore":5,"minecraft:oak_planks":119,"minecraft:wall_torch":8,"minecraft:seagrass":1,"minecraft:white_terracotta":31,"minecraft:wheat":190,"minecraft:lilac":5,"minecraft:spruce_log":65,"minecraft:bee_nest":1,"minecraft:warped_fungus":1,"minecraft:grass":175,"minecraft:oak_log":31,"minecraft:coal_ore":58,"minecraft:beetroots":8,"minecraft:oak_fence_gate":1,"minecraft:gravel":71,"minecraft:dripstone_block":1,"minecraft:dirt":54,"minecraft:cobweb":23,"minecraft:gold_ore":1,"minecraft:oak_leaves":19,"minecraft:deepslate":21},"minecraft:picked_up":{"minecraft:wooden_axe":2,"minecraft:iron_chestplate":7,"minecraft:crafting_table":5,"minecraft:wheat":203,"minecraft:chicken":3,"minecraft:golden_pickaxe":1,"minecraft:smithing_table":1,"minecraft:lead":2,"minecraft:oak_stairs":62,"minecraft:nether_brick":8,"minecraft:shield":1,"minecraft:golden_sword":1,"minecraft:string":152,"minecraft:iron_axe":4,"minecraft:iron_leggings":7,"minecraft:iron_shovel":1,"minecraft:beetroot":7,"minecraft:diamond_leggings":1,"minecraft:gold_nugget":20,"minecraft:cobbled_deepslate":48,"minecraft:spruce_planks":548,"minecraft:beef":5,"minecraft:poppy":5,"minecraft:iron_pickaxe":15,"minecraft:birch_sapling":2,"minecraft:furnace":3,"minecraft:iron_boots":4,"minecraft:egg":7,"minecraft:stick":1126,"minecraft:raw_iron":258,"minecraft:oak_door":9,"minecraft:oak_fence":62,"minecraft:torch":219,"minecraft:fire_charge":1,"minecraft:porkchop":3,"minecraft:pointed_dripstone":61,"minecraft:diorite":2,"minecraft:carrot":283,"minecraft:redstone":327,"minecraft:diamond_chestplate":1,"minecraft:arrow":182,"minecraft:stone_shovel":15,"minecraft:rotten_flesh":37,"minecraft:beetroot_seeds":22,"minecraft:peony":4,"minecraft:shears":3,"minecraft:diamond_boots":1,"minecraft:hay_block":15,"minecraft:gold_ingot":5,"minecraft:white_terracotta":62,"minecraft:blaze_rod":3,"minecraft:mutton":8,"minecraft:snowball":10,"minecraft:white_wool":64,"minecraft:cobblestone":616,"minecraft:stripped_oak_log":32,"minecraft:magma_block":1,"minecraft:lilac":5,"minecraft:feather":5,"minecraft:cooked_beef":16,"minecraft:andesite":22,"minecraft:leather":2,"minecraft:potato":71,"minecraft:flint":7,"minecraft:oak_log":32,"minecraft:golden_boots":1,"minecraft:lapis_lazuli":346,"minecraft:dirt":160,"minecraft:bone":63,"minecraft:apple":67,"minecraft:kelp":10,"minecraft:bow":9,"minecraft:wheat_seeds":481,"minecraft:bell":1,"minecraft:raw_gold":141,"minecraft:iron_ingot":34,"minecraft:oak_fence_gate":3,"minecraft:stone_pickaxe":2,"minecraft:cooked_chicken":1,"minecraft:diamond_helmet":1,"minecraft:iron_sword":4,"minecraft:stone_hoe":1,"minecraft:oak_planks":332,"minecraft:soul_sand":4,"minecraft:cooked_porkchop":3,"minecraft:dandelion":6,"minecraft:dripstone_block":3,"minecraft:gravel":199,"minecraft:stripped_spruce_log":5,"minecraft:spruce_sapling":1,"minecraft:white_bed":11,"minecraft:spruce_log":119,"minecraft:crying_obsidian":3,"minecraft:mossy_stone_brick_slab":2,"minecraft:spider_eye":4,"minecraft:mossy_cobblestone":4,"minecraft:diamond_shovel":1,"minecraft:diamond":3,"minecraft:stone_axe":8,"minecraft:iron_helmet":6,"minecraft:diamond_axe":1,"minecraft:granite":8,"minecraft:grass":20,"minecraft:emerald":2,"minecraft:bread":117,"minecraft:oak_sapling":4,"minecraft:netherrack":3,"minecraft:black_wool":11,"minecraft:coal":161,"minecraft:oak_leaves":2,"minecraft:ender_pearl":2},"minecraft:killed_by":{"minecraft:player":1,"minecraft:stray":1,"minecraft:creeper":1,"minecraft:iron_golem":1,"minecraft:blaze":1,"minecraft:zombie":1},"minecraft:used":{"minecraft:oak_fence":1,"minecraft:iron_shovel":1,"minecraft:chest":1,"minecraft:iron_sword":92,"minecraft:cooked_chicken":2,"minecraft:stone_hoe":19,"minecraft:torch":9,"minecraft:dirt":45,"minecraft:mutton":2,"minecraft:carrot":59,"minecraft:wooden_axe":30,"minecraft:iron_axe":307,"minecraft:beef":4,"minecraft:furnace":1,"minecraft:cooked_beef":3,"minecraft:potato":3,"minecraft:cooked_mutton":3,"minecraft:wheat_seeds":80,"minecraft:stone_pickaxe":28,"minecraft:oak_planks":51,"minecraft:ender_pearl":1,"minecraft:mossy_cobblestone":1,"minecraft:white_bed":10,"minecraft:spruce_log":33,"minecraft:shears":12,"minecraft:oak_log":1,"minecraft:apple":9,"minecraft:chicken":1,"minecraft:bread":25,"minecraft:iron_pickaxe":387,"minecraft:spruce_sapling":1,"minecraft:stone_axe":210,"minecraft:cobblestone":17,"minecraft:oak_boat":1},"minecraft:killed":{"minecraft:cave_spider":1,"minecraft:skeleton":3,"minecraft:chicken":1,"minecraft:cat":1,"minecraft:pig":1,"minecraft:iron_golem":2,"minecraft:sheep":6,"minecraft:blaze":4,"minecraft:cow":1},"minecraft:crafted":{"minecraft:oak_planks":12,"minecraft:cooked_chicken":2,"minecraft:furnace":2,"minecraft:cooked_mutton":27,"minecraft:chest":1,"minecraft:cooked_beef":11,"minecraft:cooked_porkchop":1,"minecraft:smithing_table":2,"minecraft:oak_wood":3,"minecraft:oak_boat":1,"minecraft:iron_ingot":6},"minecraft:dropped":{"minecraft:stone_hoe":1,"minecraft:iron_ingot":15,"minecraft:bread":4,"minecraft:iron_sword":1,"minecraft:stripped_spruce_log":3,"minecraft:wheat_seeds":279,"minecraft:oak_log":5,"minecraft:mossy_cobblestone":1,"minecraft:ender_pearl":1,"minecraft:diamond":3,"minecraft:smithing_table":1,"minecraft:crafting_table":1,"minecraft:cooked_porkchop":2,"minecraft:oak_fence":60,"minecraft:iron_helmet":1,"minecraft:cobblestone":23,"minecraft:lead":2,"minecraft:granite":2,"minecraft:coal":21,"minecraft:stick":1106,"minecraft:dirt":60,"minecraft:torch":37,"minecraft:mutton":6,"minecraft:iron_leggings":1,"minecraft:oak_stairs":30,"minecraft:gold_nugget":20,"minecraft:iron_pickaxe":4,"minecraft:white_wool":12,"minecraft:dandelion":2,"minecraft:bone":2,"minecraft:oak_door":6,"minecraft:furnace":2,"minecraft:stone_axe":2,"minecraft:cooked_chicken":1,"minecraft:birch_sapling":1,"minecraft:wheat":35,"minecraft:stone_shovel":14,"minecraft:rotten_flesh":1,"minecraft:stripped_oak_log":16,"minecraft:carrot":138,"minecraft:poppy":3,"minecraft:oak_fence_gate":3,"minecraft:potato":8,"minecraft:hay_block":15,"minecraft:spruce_planks":548,"minecraft:iron_chestplate":1,"minecraft:spider_eye":2,"minecraft:spruce_log":41,"minecraft:stone_pickaxe":1,"minecraft:bell":1,"minecraft:oak_leaves":2}},"DataVersion":3465}