{"stats":{"minecraft:broken":{"minecraft:iron_axe":1,"minecraft:stone_axe":1},"minecraft:custom":{"minecraft:mob_kills":17,"minecraft:interact_with_crafting_table":8,"minecraft:bell_ring":84,"minecraft:time_since_death":42963,"minecraft:climb_one_cm":131,"minecraft:sprint_one_cm":385172,"minecraft:walk_one_cm":809007,"minecraft:drop":426,"minecraft:talked_to_villager":6,"minecraft:play_time":286176,"minecraft:deaths":9,"minecraft:sneak_time":1,"minecraft:walk_under_water_one_cm":31600,"minecraft:boat_one_cm":41787,"minecraft:jump":3461,"minecraft:walk_on_water_one_cm":51135,"minecraft:total_world_time":286176,"minecraft:interact_with_furnace":17,"minecraft:sleep_in_bed":13,"minecraft:time_since_rest":28524,"minecraft:damage_taken":3958,"minecraft:damage_dealt":5340,"minecraft:swim_one_cm":22869,"minecraft:fly_one_cm":191749,"minecraft:player_kills":1,"minecraft:open_chest":45,"minecraft:interact_with_smoker":2,"minecraft:fall_one_cm":68661},"minecraft:mined":{"minecraft:nether_gold_ore":3,"minecraft:white_bed":6,"minecraft:mossy_cobblestone":2,"minecraft:deepslate_diamond_ore":3,"minecraft:oak_door":3,"minecraft:granite":1,"minecraft:grass_block":20,"minecraft:hay_block":15,"minecraft:redstone_ore":1,"minecraft:carrots":125,"minecraft:fire":3,"minecraft:iron_ore":20,"minecraft:stripped_spruce_log":3,"minecraft:deepslate_lapis_ore":5,"minecraft:peony":4,"minecraft:pointed_dripstone":7,"minecraft:potatoes":18,"minecraft:deepslate_iron_ore":9,"minecraft:dirt_path":8,"minecraft:oak_stairs":39,"minecraft:stripped_oak_log":16,"minecraft:stone":59,"minecraft:deepslate_redstone_ore":14,"minecraft:glass_pane":3,"minecraft:dandelion":3,"minecraft:oak_fence":32,"minecraft:crafting_table":1,"minecraft:torch":2,"minecraft:chest":1,"minecraft:cobblestone":55,"minecraft:tall_grass":59,"minecraft:lapis_ore":5,"minecraft:deepslate_gold_ore":18,"minecraft:oak_planks":117,"minecraft:wall_torch":7,"minecraft:white_terracotta":31,"minecraft:wheat":165,"minecraft:spruce_log":65,"minecraft:warped_fungus":1,"minecraft:grass":170,"minecraft:coal_ore":58,"minecraft:oak_log":31,"minecraft:beetroots":6,"minecraft:oak_fence_gate":1,"minecraft:dripstone_block":1,"minecraft:gravel":71,"minecraft:dirt":53,"minecraft:cobweb":23,"minecraft:gold_ore":1,"minecraft:oak_leaves":19,"minecraft:deepslate":21},"minecraft:picked_up":{"minecraft:wooden_axe":2,"minecraft:iron_chestplate":7,"minecraft:crafting_table":5,"minecraft:wheat":185,"minecraft:chicken":3,"minecraft:golden_pickaxe":1,"minecraft:smithing_table":1,"minecraft:lead":2,"minecraft:oak_stairs":62,"minecraft:nether_brick":8,"minecraft:golden_sword":1,"minecraft:shield":1,"minecraft:string":152,"minecraft:iron_axe":4,"minecraft:iron_leggings":7,"minecraft:iron_shovel":1,"minecraft:beetroot":5,"minecraft:gold_nugget":20,"minecraft:cobbled_deepslate":48,"minecraft:spruce_planks":548,"minecraft:beef":5,"minecraft:poppy":4,"minecraft:iron_pickaxe":15,"minecraft:birch_sapling":2,"minecraft:furnace":3,"minecraft:iron_boots":4,"minecraft:egg":7,"minecraft:raw_iron":258,"minecraft:stick":1126,"minecraft:oak_door":9,"minecraft:oak_fence":62,"minecraft:torch":216,"minecraft:fire_charge":1,"minecraft:porkchop":3,"minecraft:pointed_dripstone":61,"minecraft:diorite":2,"minecraft:carrot":264,"minecraft:redstone":327,"minecraft:arrow":182,"minecraft:rotten_flesh":37,"minecraft:stone_shovel":1,"minecraft:beetroot_seeds":14,"minecraft:peony":4,"minecraft:shears":3,"minecraft:hay_block":15,"minecraft:gold_ingot":5,"minecraft:white_terracotta":62,"minecraft:mutton":8,"minecraft:snowball":10,"minecraft:white_wool":64,"minecraft:cobblestone":616,"minecraft:stripped_oak_log":32,"minecraft:magma_block":1,"minecraft:feather":5,"minecraft:cooked_beef":16,"minecraft:andesite":22,"minecraft:leather":2,"minecraft:potato":60,"minecraft:flint":7,"minecraft:oak_log":32,"minecraft:golden_boots":1,"minecraft:lapis_lazuli":346,"minecraft:dirt":156,"minecraft:bone":63,"minecraft:apple":23,"minecraft:bow":8,"minecraft:wheat_seeds":420,"minecraft:raw_gold":141,"minecraft:cooked_chicken":1,"minecraft:iron_ingot":34,"minecraft:oak_fence_gate":3,"minecraft:stone_pickaxe":2,"minecraft:iron_sword":4,"minecraft:stone_hoe":1,"minecraft:oak_planks":329,"minecraft:soul_sand":4,"minecraft:cooked_porkchop":3,"minecraft:dandelion":6,"minecraft:dripstone_block":3,"minecraft:gravel":199,"minecraft:stripped_spruce_log":5,"minecraft:spruce_sapling":1,"minecraft:white_bed":10,"minecraft:spruce_log":119,"minecraft:mossy_stone_brick_slab":2,"minecraft:crying_obsidian":3,"minecraft:spider_eye":4,"minecraft:mossy_cobblestone":4,"minecraft:diamond":3,"minecraft:stone_axe":8,"minecraft:iron_helmet":6,"minecraft:granite":8,"minecraft:grass":20,"minecraft:bread":117,"minecraft:oak_sapling":4,"minecraft:netherrack":3,"minecraft:black_wool":11,"minecraft:coal":161,"minecraft:oak_leaves":2,"minecraft:ender_pearl":2},"minecraft:killed_by":{"minecraft:player":1,"minecraft:stray":1,"minecraft:creeper":1,"minecraft:iron_golem":1,"minecraft:zombie":1},"minecraft:used":{"minecraft:oak_fence":1,"minecraft:iron_shovel":1,"minecraft:chest":1,"minecraft:iron_sword":49,"minecraft:stone_hoe":19,"minecraft:cooked_chicken":2,"minecraft:torch":6,"minecraft:dirt":45,"minecraft:mutton":2,"minecraft:carrot":59,"minecraft:wooden_axe":30,"minecraft:iron_axe":307,"minecraft:beef":4,"minecraft:furnace":1,"minecraft:potato":3,"minecraft:cooked_beef":2,"minecraft:wheat_seeds":80,"minecraft:cooked_mutton":3,"minecraft:stone_pickaxe":28,"minecraft:oak_planks":51,"minecraft:ender_pearl":1,"minecraft:mossy_cobblestone":1,"minecraft:white_bed":9,"minecraft:shears":12,"minecraft:spruce_log":33,"minecraft:oak_log":1,"minecraft:apple":9,"minecraft:chicken":1,"minecraft:bread":21,"minecraft:iron_pickaxe":387,"minecraft:spruce_sapling":1,"minecraft:stone_axe":210,"minecraft:cobblestone":17,"minecraft:oak_boat":1},"minecraft:killed":{"minecraft:cave_spider":1,"minecraft:skeleton":3,"minecraft:chicken":1,"minecraft:cat":1,"minecraft:pig":1,"minecraft:iron_golem":2,"minecraft:sheep":6,"minecraft:cow":1},"minecraft:crafted":{"minecraft:oak_planks":12,"minecraft:cooked_chicken":2,"minecraft:furnace":2,"minecraft:cooked_mutton":27,"minecraft:chest":1,"minecraft:cooked_beef":11,"minecraft:cooked_porkchop":1,"minecraft:smithing_table":2,"minecraft:oak_wood":3,"minecraft:oak_boat":1,"minecraft:iron_ingot":6},"minecraft:dropped":{"minecraft:bread":4,"minecraft:stone_hoe":1,"minecraft:iron_ingot":15,"minecraft:iron_sword":1,"minecraft:stripped_spruce_log":3,"minecraft:wheat_seeds":257,"minecraft:oak_log":5,"minecraft:mossy_cobblestone":1,"minecraft:ender_pearl":1,"minecraft:diamond":3,"minecraft:smithing_table":1,"minecraft:crafting_table":1,"minecraft:cooked_porkchop":2,"minecraft:iron_helmet":1,"minecraft:oak_fence":60,"minecraft:cobblestone":23,"minecraft:lead":2,"minecraft:granite":2,"minecraft:coal":21,"minecraft:stick":1106,"minecraft:dirt":60,"minecraft:torch":37,"minecraft:mutton":6,"minecraft:iron_leggings":1,"minecraft:gold_nugget":20,"minecraft:oak_stairs":30,"minecraft:iron_pickaxe":4,"minecraft:white_wool":12,"minecraft:dandelion":2,"minecraft:bone":2,"minecraft:oak_door":6,"minecraft:furnace":2,"minecraft:stone_axe":2,"minecraft:cooked_chicken":1,"minecraft:wheat":31,"minecraft:birch_sapling":1,"minecraft:rotten_flesh":1,"minecraft:stripped_oak_log":16,"minecraft:carrot":138,"minecraft:poppy":3,"minecraft:oak_fence_gate":3,"minecraft:potato":8,"minecraft:hay_block":15,"minecraft:spruce_planks":548,"minecraft:iron_chestplate":1,"minecraft:spider_eye":2,"minecraft:spruce_log":41,"minecraft:stone_pickaxe":1,"minecraft:oak_leaves":2}},"DataVersion":3465}