{"stats":{"minecraft:picked_up":{"minecraft:oak_log":2,"minecraft:wheat_seeds":1,"minecraft:snowball":10,"minecraft:dirt":34,"minecraft:wooden_axe":1},"minecraft:custom":{"minecraft:jump":124,"minecraft:walk_on_water_one_cm":1717,"minecraft:time_since_rest":1956,"minecraft:damage_dealt":297,"minecraft:deaths":2,"minecraft:play_time":4890,"minecraft:damage_taken":770,"minecraft:time_since_death":1924,"minecraft:walk_one_cm":26859,"minecraft:total_world_time":4890,"minecraft:walk_under_water_one_cm":2466,"minecraft:mob_kills":1,"minecraft:fall_one_cm":3052,"minecraft:fly_one_cm":1870},"minecraft:killed_by":{"minecraft:zombie":1,"minecraft:stray":1},"minecraft:mined":{"minecraft:grass":1,"minecraft:oak_log":2,"minecraft:grass_block":2}},"DataVersion":3465}