{"stats":{"minecraft:custom":{"minecraft:interact_with_furnace":7,"minecraft:mob_kills":10,"minecraft:interact_with_crafting_table":3,"minecraft:time_since_death":61210,"minecraft:sleep_in_bed":4,"minecraft:time_since_rest":5192,"minecraft:sprint_one_cm":152917,"minecraft:damage_taken":840,"minecraft:walk_one_cm":86299,"minecraft:drop":46,"minecraft:damage_dealt":2938,"minecraft:swim_one_cm":4157,"minecraft:fly_one_cm":72336,"minecraft:open_chest":6,"minecraft:play_time":64176,"minecraft:deaths":2,"minecraft:walk_under_water_one_cm":4391,"minecraft:jump":670,"minecraft:walk_on_water_one_cm":13156,"minecraft:total_world_time":64176,"minecraft:fall_one_cm":13457},"minecraft:mined":{"minecraft:white_bed":5,"minecraft:oak_fence":1,"minecraft:crafting_table":1,"minecraft:grass_block":6,"minecraft:chest":1,"minecraft:tall_grass":4,"minecraft:cobblestone":35,"minecraft:oak_planks":2,"minecraft:wall_torch":3,"minecraft:hay_block":15,"minecraft:spruce_log":18,"minecraft:grass":11,"minecraft:oak_log":22,"minecraft:beetroots":1,"minecraft:dirt_path":3,"minecraft:gravel":70,"minecraft:dirt":10,"minecraft:oak_leaves":7},"minecraft:picked_up":{"minecraft:wooden_axe":2,"minecraft:crafting_table":1,"minecraft:feather":1,"minecraft:chicken":1,"minecraft:flint":7,"minecraft:oak_log":22,"minecraft:shield":1,"minecraft:dirt":52,"minecraft:iron_axe":1,"minecraft:apple":1,"minecraft:wheat_seeds":3,"minecraft:stone_pickaxe":2,"minecraft:beef":4,"minecraft:iron_ingot":15,"minecraft:cooked_chicken":1,"minecraft:poppy":3,"minecraft:iron_pickaxe":1,"minecraft:oak_planks":3,"minecraft:birch_sapling":2,"minecraft:stone_hoe":1,"minecraft:egg":1,"minecraft:oak_fence":1,"minecraft:torch":4,"minecraft:gravel":63,"minecraft:porkchop":3,"minecraft:stripped_spruce_log":1,"minecraft:white_bed":5,"minecraft:spruce_log":27,"minecraft:stone_axe":1,"minecraft:hay_block":15,"minecraft:bread":21,"minecraft:oak_sapling":4,"minecraft:black_wool":1,"minecraft:mutton":8,"minecraft:snowball":10,"minecraft:white_wool":5,"minecraft:cobblestone":60},"minecraft:killed_by":{"minecraft:stray":1,"minecraft:zombie":1},"minecraft:used":{"minecraft:stone_pickaxe":28,"minecraft:oak_planks":4,"minecraft:chest":1,"minecraft:stone_hoe":19,"minecraft:dirt":9,"minecraft:mutton":2,"minecraft:white_bed":5,"minecraft:oak_log":1,"minecraft:wooden_axe":30,"minecraft:iron_axe":36,"minecraft:bread":5,"minecraft:iron_pickaxe":82,"minecraft:stone_axe":66,"minecraft:beef":4,"minecraft:furnace":1},"minecraft:killed":{"minecraft:pig":1,"minecraft:iron_golem":2,"minecraft:sheep":6},"minecraft:dropped":{"minecraft:stone_hoe":1,"minecraft:iron_ingot":15,"minecraft:furnace":1,"minecraft:cooked_chicken":1,"minecraft:crafting_table":1,"minecraft:birch_sapling":1,"minecraft:cobblestone":22,"minecraft:poppy":3,"minecraft:hay_block":15,"minecraft:torch":4,"minecraft:mutton":6,"minecraft:stone_pickaxe":1,"minecraft:white_wool":5},"minecraft:crafted":{"minecraft:cooked_beef":4,"minecraft:oak_planks":12,"minecraft:cooked_chicken":1,"minecraft:furnace":2,"minecraft:oak_wood":3,"minecraft:cooked_mutton":27,"minecraft:chest":1}},"DataVersion":3465}