{"stats":{"minecraft:custom":{"minecraft:interact_with_furnace":7,"minecraft:mob_kills":13,"minecraft:interact_with_crafting_table":3,"minecraft:time_since_death":16857,"minecraft:sleep_in_bed":6,"minecraft:time_since_rest":14389,"minecraft:sprint_one_cm":195300,"minecraft:damage_taken":1182,"minecraft:walk_one_cm":232658,"minecraft:drop":223,"minecraft:damage_dealt":4254,"minecraft:swim_one_cm":15443,"minecraft:fly_one_cm":91838,"minecraft:open_chest":17,"minecraft:play_time":100176,"minecraft:deaths":3,"minecraft:sneak_time":1,"minecraft:walk_under_water_one_cm":5520,"minecraft:jump":1175,"minecraft:walk_on_water_one_cm":15785,"minecraft:total_world_time":100176,"minecraft:fall_one_cm":23610},"minecraft:mined":{"minecraft:white_bed":5,"minecraft:oak_fence":1,"minecraft:crafting_table":1,"minecraft:grass_block":6,"minecraft:chest":1,"minecraft:tall_grass":11,"minecraft:cobblestone":35,"minecraft:oak_planks":2,"minecraft:wall_torch":3,"minecraft:hay_block":15,"minecraft:carrots":44,"minecraft:wheat":65,"minecraft:spruce_log":18,"minecraft:grass":25,"minecraft:potatoes":17,"minecraft:oak_log":22,"minecraft:beetroots":6,"minecraft:dirt_path":3,"minecraft:oak_stairs":1,"minecraft:gravel":70,"minecraft:dirt":10,"minecraft:oak_leaves":7},"minecraft:picked_up":{"minecraft:wooden_axe":2,"minecraft:wheat":48,"minecraft:crafting_table":1,"minecraft:feather":3,"minecraft:chicken":3,"minecraft:potato":57,"minecraft:oak_stairs":2,"minecraft:flint":7,"minecraft:oak_log":22,"minecraft:shield":1,"minecraft:string":4,"minecraft:dirt":52,"minecraft:iron_axe":2,"minecraft:beetroot":5,"minecraft:apple":1,"minecraft:wheat_seeds":147,"minecraft:spruce_planks":548,"minecraft:stone_pickaxe":2,"minecraft:beef":5,"minecraft:iron_ingot":20,"minecraft:cooked_chicken":1,"minecraft:poppy":4,"minecraft:iron_pickaxe":3,"minecraft:oak_planks":3,"minecraft:birch_sapling":2,"minecraft:stone_hoe":1,"minecraft:iron_boots":2,"minecraft:egg":4,"minecraft:stick":1106,"minecraft:oak_fence":1,"minecraft:torch":4,"minecraft:gravel":63,"minecraft:porkchop":3,"minecraft:stripped_spruce_log":2,"minecraft:white_bed":5,"minecraft:spruce_log":27,"minecraft:carrot":142,"minecraft:beetroot_seeds":14,"minecraft:stone_axe":1,"minecraft:shears":1,"minecraft:hay_block":15,"minecraft:grass":19,"minecraft:bread":21,"minecraft:oak_sapling":4,"minecraft:black_wool":2,"minecraft:mutton":8,"minecraft:snowball":10,"minecraft:white_wool":11,"minecraft:cobblestone":60},"minecraft:killed_by":{"minecraft:stray":1,"minecraft:zombie":1,"minecraft:iron_golem":1},"minecraft:used":{"minecraft:cooked_mutton":3,"minecraft:stone_pickaxe":28,"minecraft:oak_planks":4,"minecraft:chest":1,"minecraft:stone_hoe":19,"minecraft:dirt":9,"minecraft:mutton":2,"minecraft:white_bed":5,"minecraft:shears":8,"minecraft:oak_log":1,"minecraft:wooden_axe":30,"minecraft:chicken":1,"minecraft:iron_axe":149,"minecraft:bread":5,"minecraft:iron_pickaxe":90,"minecraft:stone_axe":66,"minecraft:beef":4,"minecraft:furnace":1,"minecraft:wheat_seeds":65},"minecraft:killed":{"minecraft:cat":1,"minecraft:pig":1,"minecraft:iron_golem":2,"minecraft:sheep":6,"minecraft:chicken":1,"minecraft:cow":1},"minecraft:dropped":{"minecraft:stone_hoe":1,"minecraft:iron_ingot":15,"minecraft:furnace":1,"minecraft:cooked_chicken":1,"minecraft:crafting_table":1,"minecraft:birch_sapling":1,"minecraft:cobblestone":22,"minecraft:carrot":75,"minecraft:stick":1106,"minecraft:poppy":3,"minecraft:potato":8,"minecraft:hay_block":15,"minecraft:torch":4,"minecraft:spruce_planks":548,"minecraft:mutton":6,"minecraft:spruce_log":27,"minecraft:stone_pickaxe":1,"minecraft:iron_pickaxe":1,"minecraft:white_wool":11},"minecraft:crafted":{"minecraft:cooked_beef":4,"minecraft:oak_planks":12,"minecraft:cooked_chicken":1,"minecraft:furnace":2,"minecraft:oak_wood":3,"minecraft:cooked_mutton":27,"minecraft:chest":1}},"DataVersion":3465}