{"stats":{"minecraft:broken":{"minecraft:iron_axe":1,"minecraft:stone_axe":1},"minecraft:custom":{"minecraft:mob_kills":30,"minecraft:interact_with_crafting_table":12,"minecraft:bell_ring":86,"minecraft:leave_game":1,"minecraft:time_since_death":53825,"minecraft:climb_one_cm":214,"minecraft:sprint_one_cm":409773,"minecraft:walk_one_cm":982489,"minecraft:drop":446,"minecraft:talked_to_villager":11,"minecraft:play_time":345066,"minecraft:sneak_time":4,"minecraft:deaths":10,"minecraft:walk_under_water_one_cm":84626,"minecraft:boat_one_cm":157841,"minecraft:jump":4203,"minecraft:interact_with_blast_furnace":2,"minecraft:walk_on_water_one_cm":83953,"minecraft:total_world_time":345066,"minecraft:interact_with_furnace":23,"minecraft:sleep_in_bed":17,"minecraft:time_since_rest":10388,"minecraft:damage_taken":4753,"minecraft:damage_dealt":6847,"minecraft:swim_one_cm":23559,"minecraft:fly_one_cm":206301,"minecraft:player_kills":1,"minecraft:open_chest":57,"minecraft:fall_one_cm":83769,"minecraft:interact_with_smoker":2},"minecraft:mined":{"minecraft:nether_gold_ore":3,"minecraft:farmland":3,"minecraft:white_bed":8,"minecraft:mossy_cobblestone":2,"minecraft:deepslate_diamond_ore":3,"minecraft:oak_door":3,"minecraft:mangrove_roots":1,"minecraft:granite":1,"minecraft:grass_block":23,"minecraft:kelp":6,"minecraft:hay_block":15,"minecraft:redstone_ore":1,"minecraft:carrots":131,"minecraft:iron_ore":20,"minecraft:fire":3,"minecraft:stripped_spruce_log":3,"minecraft:deepslate_lapis_ore":5,"minecraft:peony":4,"minecraft:potatoes":22,"minecraft:pointed_dripstone":7,"minecraft:dirt_path":11,"minecraft:deepslate_iron_ore":9,"minecraft:oak_stairs":39,"minecraft:stripped_oak_log":16,"minecraft:stone":59,"minecraft:deepslate_redstone_ore":14,"minecraft:glass_pane":4,"minecraft:kelp_plant":5,"minecraft:dandelion":3,"minecraft:oak_fence":32,"minecraft:crafting_table":1,"minecraft:torch":4,"minecraft:chest":1,"minecraft:tall_grass":67,"minecraft:cobblestone":63,"minecraft:deepslate_gold_ore":18,"minecraft:lapis_ore":5,"minecraft:sugar_cane":3,"minecraft:oak_planks":119,"minecraft:wall_torch":8,"minecraft:seagrass":1,"minecraft:white_terracotta":31,"minecraft:wheat":190,"minecraft:lilac":5,"minecraft:spruce_log":65,"minecraft:bee_nest":1,"minecraft:warped_fungus":1,"minecraft:grass":187,"minecraft:oak_log":31,"minecraft:coal_ore":58,"minecraft:beetroots":8,"minecraft:oak_fence_gate":1,"minecraft:gravel":71,"minecraft:dripstone_block":1,"minecraft:dirt":55,"minecraft:cobweb":23,"minecraft:gold_ore":1,"minecraft:oak_leaves":19,"minecraft:deepslate":21},"minecraft:picked_up":{"minecraft:wooden_axe":2,"minecraft:iron_chestplate":7,"minecraft:crafting_table":5,"minecraft:wheat":203,"minecraft:chicken":4,"minecraft:diamond_sword":1,"minecraft:golden_pickaxe":1,"minecraft:smithing_table":1,"minecraft:lead":2,"minecraft:oak_stairs":62,"minecraft:nether_brick":8,"minecraft:shield":1,"minecraft:golden_sword":1,"minecraft:moss_carpet":1,"minecraft:string":152,"minecraft:iron_axe":4,"minecraft:iron_leggings":7,"minecraft:iron_shovel":1,"minecraft:beetroot":7,"minecraft:diamond_leggings":1,"minecraft:gold_nugget":20,"minecraft:cobbled_deepslate":48,"minecraft:spruce_planks":548,"minecraft:beef":5,"minecraft:oak_boat":1,"minecraft:poppy":5,"minecraft:iron_pickaxe":15,"minecraft:sugar_cane":3,"minecraft:birch_sapling":2,"minecraft:furnace":3,"minecraft:iron_boots":4,"minecraft:egg":7,"minecraft:stick":1126,"minecraft:raw_iron":258,"minecraft:oak_door":9,"minecraft:oak_fence":62,"minecraft:torch":219,"minecraft:fire_charge":1,"minecraft:porkchop":3,"minecraft:cookie":216,"minecraft:pointed_dripstone":61,"minecraft:diorite":2,"minecraft:carrot":283,"minecraft:redstone":327,"minecraft:diamond_chestplate":1,"minecraft:arrow":182,"minecraft:stone_shovel":15,"minecraft:rotten_flesh":37,"minecraft:beetroot_seeds":23,"minecraft:peony":4,"minecraft:shears":3,"minecraft:diamond_boots":1,"minecraft:hay_block":15,"minecraft:mangrove_roots":1,"minecraft:gold_ingot":5,"minecraft:white_terracotta":62,"minecraft:blaze_rod":3,"minecraft:mutton":8,"minecraft:snowball":10,"minecraft:white_wool":64,"minecraft:cobblestone":624,"minecraft:stripped_oak_log":32,"minecraft:magma_block":1,"minecraft:lilac":5,"minecraft:feather":7,"minecraft:cooked_beef":16,"minecraft:salmon":6,"minecraft:andesite":22,"minecraft:leather":2,"minecraft:potato":75,"minecraft:flint":7,"minecraft:oak_log":32,"minecraft:golden_boots":1,"minecraft:lapis_lazuli":346,"minecraft:dirt":167,"minecraft:bone":63,"minecraft:apple":67,"minecraft:kelp":12,"minecraft:bow":9,"minecraft:wheat_seeds":482,"minecraft:bell":1,"minecraft:raw_gold":141,"minecraft:iron_ingot":34,"minecraft:oak_fence_gate":3,"minecraft:stone_pickaxe":2,"minecraft:cooked_chicken":1,"minecraft:diamond_helmet":1,"minecraft:iron_sword":4,"minecraft:stone_hoe":1,"minecraft:oak_planks":332,"minecraft:soul_sand":4,"minecraft:cooked_porkchop":3,"minecraft:dandelion":6,"minecraft:dripstone_block":3,"minecraft:gravel":199,"minecraft:stripped_spruce_log":5,"minecraft:spruce_sapling":1,"minecraft:white_bed":12,"minecraft:spruce_log":119,"minecraft:crying_obsidian":3,"minecraft:mossy_stone_brick_slab":2,"minecraft:spider_eye":4,"minecraft:mossy_cobblestone":4,"minecraft:diamond_shovel":1,"minecraft:diamond":3,"minecraft:stone_axe":8,"minecraft:iron_helmet":6,"minecraft:diamond_axe":3,"minecraft:granite":8,"minecraft:bone_meal":1,"minecraft:grass":20,"minecraft:emerald":2,"minecraft:bread":117,"minecraft:oak_sapling":4,"minecraft:netherrack":3,"minecraft:black_wool":11,"minecraft:coal":161,"minecraft:oak_leaves":2,"minecraft:diamond_pickaxe":1,"minecraft:ender_pearl":2},"minecraft:killed_by":{"minecraft:player":1,"minecraft:stray":1,"minecraft:creeper":1,"minecraft:iron_golem":1,"minecraft:blaze":1,"minecraft:zombie":1},"minecraft:used":{"minecraft:oak_fence":1,"minecraft:iron_shovel":1,"minecraft:chest":1,"minecraft:iron_sword":92,"minecraft:cooked_chicken":2,"minecraft:stone_hoe":19,"minecraft:torch":9,"minecraft:dirt":45,"minecraft:mutton":2,"minecraft:carrot":59,"minecraft:wooden_axe":30,"minecraft:iron_axe":307,"minecraft:beef":4,"minecraft:furnace":1,"minecraft:beetroot_seeds":9,"minecraft:cooked_beef":3,"minecraft:potato":4,"minecraft:cooked_mutton":3,"minecraft:wheat_seeds":80,"minecraft:stone_pickaxe":28,"minecraft:oak_planks":54,"minecraft:ender_pearl":1,"minecraft:diamond_axe":4,"minecraft:cookie":2,"minecraft:salmon":2,"minecraft:mossy_cobblestone":1,"minecraft:white_bed":10,"minecraft:spruce_log":33,"minecraft:shears":12,"minecraft:oak_log":1,"minecraft:diamond_pickaxe":23,"minecraft:apple":9,"minecraft:chicken":2,"minecraft:bread":28,"minecraft:iron_pickaxe":387,"minecraft:spruce_sapling":1,"minecraft:stone_axe":210,"minecraft:diamond_sword":15,"minecraft:cobblestone":17,"minecraft:oak_boat":1},"minecraft:killed":{"minecraft:cave_spider":1,"minecraft:skeleton":3,"minecraft:chicken":2,"minecraft:cat":1,"minecraft:pig":1,"minecraft:salmon":8,"minecraft:iron_golem":2,"minecraft:sheep":6,"minecraft:blaze":4,"minecraft:cow":1},"minecraft:crafted":{"minecraft:oak_planks":12,"minecraft:cooked_chicken":2,"minecraft:furnace":2,"minecraft:stone":7,"minecraft:cooked_mutton":27,"minecraft:chest":1,"minecraft:cooked_beef":11,"minecraft:cooked_porkchop":1,"minecraft:smithing_table":2,"minecraft:cooked_salmon":1,"minecraft:oak_wood":3,"minecraft:oak_boat":1,"minecraft:iron_ingot":6},"minecraft:dropped":{"minecraft:stone_hoe":1,"minecraft:iron_ingot":15,"minecraft:bread":4,"minecraft:iron_sword":1,"minecraft:stripped_spruce_log":3,"minecraft:wheat_seeds":279,"minecraft:oak_log":5,"minecraft:mossy_cobblestone":1,"minecraft:ender_pearl":1,"minecraft:diamond":3,"minecraft:smithing_table":1,"minecraft:crafting_table":1,"minecraft:cooked_porkchop":2,"minecraft:oak_fence":60,"minecraft:iron_helmet":1,"minecraft:cobblestone":23,"minecraft:lead":2,"minecraft:granite":2,"minecraft:coal":21,"minecraft:emerald":2,"minecraft:stick":1106,"minecraft:dirt":60,"minecraft:torch":37,"minecraft:mutton":6,"minecraft:iron_leggings":1,"minecraft:oak_stairs":30,"minecraft:gold_nugget":20,"minecraft:iron_pickaxe":4,"minecraft:white_wool":12,"minecraft:dandelion":2,"minecraft:bone":2,"minecraft:oak_door":6,"minecraft:furnace":2,"minecraft:stone_axe":2,"minecraft:cooked_chicken":1,"minecraft:birch_sapling":1,"minecraft:wheat":35,"minecraft:stone_shovel":14,"minecraft:rotten_flesh":1,"minecraft:stripped_oak_log":16,"minecraft:carrot":138,"minecraft:poppy":3,"minecraft:oak_fence_gate":3,"minecraft:potato":8,"minecraft:hay_block":15,"minecraft:spruce_planks":548,"minecraft:iron_chestplate":1,"minecraft:spider_eye":2,"minecraft:spruce_log":41,"minecraft:stone_pickaxe":1,"minecraft:bell":1,"minecraft:oak_leaves":2}},"DataVersion":3465}