{"stats":{"minecraft:custom":{"minecraft:interact_with_furnace":7,"minecraft:mob_kills":11,"minecraft:interact_with_crafting_table":3,"minecraft:time_since_death":4857,"minecraft:sleep_in_bed":6,"minecraft:time_since_rest":2389,"minecraft:sprint_one_cm":194914,"minecraft:damage_taken":1122,"minecraft:walk_one_cm":152715,"minecraft:drop":134,"minecraft:damage_dealt":4030,"minecraft:swim_one_cm":15443,"minecraft:fly_one_cm":88937,"minecraft:open_chest":12,"minecraft:play_time":88176,"minecraft:deaths":3,"minecraft:sneak_time":1,"minecraft:walk_under_water_one_cm":5520,"minecraft:jump":957,"minecraft:walk_on_water_one_cm":15642,"minecraft:total_world_time":88176,"minecraft:fall_one_cm":18802},"minecraft:mined":{"minecraft:white_bed":5,"minecraft:oak_fence":1,"minecraft:crafting_table":1,"minecraft:grass_block":6,"minecraft:chest":1,"minecraft:tall_grass":4,"minecraft:cobblestone":35,"minecraft:oak_planks":2,"minecraft:wall_torch":3,"minecraft:hay_block":15,"minecraft:carrots":41,"minecraft:wheat":54,"minecraft:spruce_log":18,"minecraft:grass":11,"minecraft:potatoes":14,"minecraft:oak_log":22,"minecraft:beetroots":6,"minecraft:dirt_path":3,"minecraft:oak_stairs":1,"minecraft:gravel":70,"minecraft:dirt":10,"minecraft:oak_leaves":7},"minecraft:picked_up":{"minecraft:wooden_axe":2,"minecraft:wheat":40,"minecraft:crafting_table":1,"minecraft:feather":1,"minecraft:chicken":2,"minecraft:potato":45,"minecraft:oak_stairs":2,"minecraft:flint":7,"minecraft:oak_log":22,"minecraft:shield":1,"minecraft:string":4,"minecraft:dirt":52,"minecraft:iron_axe":2,"minecraft:beetroot":5,"minecraft:apple":1,"minecraft:wheat_seeds":125,"minecraft:spruce_planks":548,"minecraft:stone_pickaxe":2,"minecraft:beef":4,"minecraft:iron_ingot":20,"minecraft:cooked_chicken":1,"minecraft:poppy":4,"minecraft:iron_pickaxe":3,"minecraft:oak_planks":3,"minecraft:birch_sapling":2,"minecraft:stone_hoe":1,"minecraft:iron_boots":2,"minecraft:egg":3,"minecraft:stick":1106,"minecraft:oak_fence":1,"minecraft:torch":4,"minecraft:gravel":63,"minecraft:porkchop":3,"minecraft:stripped_spruce_log":2,"minecraft:white_bed":5,"minecraft:spruce_log":27,"minecraft:carrot":122,"minecraft:beetroot_seeds":14,"minecraft:stone_axe":1,"minecraft:hay_block":15,"minecraft:bread":21,"minecraft:oak_sapling":4,"minecraft:black_wool":1,"minecraft:mutton":8,"minecraft:snowball":10,"minecraft:white_wool":5,"minecraft:cobblestone":60},"minecraft:killed_by":{"minecraft:stray":1,"minecraft:zombie":1,"minecraft:iron_golem":1},"minecraft:used":{"minecraft:cooked_mutton":3,"minecraft:stone_pickaxe":28,"minecraft:oak_planks":4,"minecraft:chest":1,"minecraft:stone_hoe":19,"minecraft:dirt":9,"minecraft:mutton":2,"minecraft:white_bed":5,"minecraft:oak_log":1,"minecraft:wooden_axe":30,"minecraft:iron_axe":123,"minecraft:bread":5,"minecraft:iron_pickaxe":90,"minecraft:stone_axe":66,"minecraft:beef":4,"minecraft:furnace":1},"minecraft:killed":{"minecraft:cat":1,"minecraft:pig":1,"minecraft:iron_golem":2,"minecraft:sheep":6},"minecraft:dropped":{"minecraft:stone_hoe":1,"minecraft:iron_ingot":15,"minecraft:furnace":1,"minecraft:cooked_chicken":1,"minecraft:crafting_table":1,"minecraft:birch_sapling":1,"minecraft:cobblestone":22,"minecraft:stick":1106,"minecraft:poppy":3,"minecraft:hay_block":15,"minecraft:torch":4,"minecraft:spruce_planks":548,"minecraft:mutton":6,"minecraft:spruce_log":27,"minecraft:stone_pickaxe":1,"minecraft:iron_pickaxe":1,"minecraft:white_wool":5},"minecraft:crafted":{"minecraft:cooked_beef":4,"minecraft:oak_planks":12,"minecraft:cooked_chicken":1,"minecraft:furnace":2,"minecraft:oak_wood":3,"minecraft:cooked_mutton":27,"minecraft:chest":1}},"DataVersion":3465}