{"stats":{"minecraft:dropped":{"minecraft:furnace":1,"minecraft:hay_block":15,"minecraft:torch":2,"minecraft:mutton":6,"minecraft:crafting_table":1,"minecraft:cobblestone":22,"minecraft:white_wool":5},"minecraft:used":{"minecraft:oak_log":1,"minecraft:wooden_axe":30,"minecraft:bread":1,"minecraft:oak_planks":4,"minecraft:stone_hoe":19,"minecraft:mutton":2,"minecraft:beef":4,"minecraft:white_bed":4},"minecraft:picked_up":{"minecraft:wooden_axe":2,"minecraft:crafting_table":1,"minecraft:feather":1,"minecraft:chicken":1,"minecraft:oak_fence":1,"minecraft:torch":2,"minecraft:oak_log":2,"minecraft:white_bed":5,"minecraft:dirt":36,"minecraft:stone_axe":1,"minecraft:wheat_seeds":2,"minecraft:hay_block":15,"minecraft:beef":4,"minecraft:stone_pickaxe":1,"minecraft:oak_planks":1,"minecraft:black_wool":1,"minecraft:mutton":8,"minecraft:birch_sapling":1,"minecraft:stone_hoe":1,"minecraft:snowball":10,"minecraft:white_wool":5,"minecraft:cobblestone":30},"minecraft:crafted":{"minecraft:oak_planks":4,"minecraft:furnace":1},"minecraft:custom":{"minecraft:time_since_rest":12165,"minecraft:sprint_one_cm":91327,"minecraft:damage_taken":830,"minecraft:walk_one_cm":51014,"minecraft:mob_kills":7,"minecraft:drop":25,"minecraft:damage_dealt":838,"minecraft:swim_one_cm":2989,"minecraft:interact_with_crafting_table":1,"minecraft:fly_one_cm":47838,"minecraft:open_chest":3,"minecraft:play_time":28890,"minecraft:deaths":2,"minecraft:walk_under_water_one_cm":3224,"minecraft:jump":376,"minecraft:walk_on_water_one_cm":8555,"minecraft:time_since_death":25924,"minecraft:sleep_in_bed":1,"minecraft:total_world_time":28890,"minecraft:fall_one_cm":9041},"minecraft:killed_by":{"minecraft:stray":1,"minecraft:zombie":1},"minecraft:mined":{"minecraft:hay_block":15,"minecraft:white_bed":5,"minecraft:oak_fence":1,"minecraft:crafting_table":1,"minecraft:grass":10,"minecraft:grass_block":3,"minecraft:oak_log":2,"minecraft:tall_grass":4,"minecraft:wall_torch":2},"minecraft:killed":{"minecraft:sheep":6}},"DataVersion":3465}