{"stats":{"minecraft:broken":{"minecraft:iron_axe":1},"minecraft:custom":{"minecraft:interact_with_furnace":13,"minecraft:mob_kills":13,"minecraft:interact_with_crafting_table":6,"minecraft:bell_ring":58,"minecraft:time_since_death":11016,"minecraft:sleep_in_bed":10,"minecraft:time_since_rest":10291,"minecraft:sprint_one_cm":262394,"minecraft:damage_taken":1673,"minecraft:walk_one_cm":374158,"minecraft:drop":275,"minecraft:damage_dealt":4328,"minecraft:swim_one_cm":18874,"minecraft:fly_one_cm":131174,"minecraft:open_chest":25,"minecraft:boat_one_cm":16438,"minecraft:play_time":154176,"minecraft:deaths":5,"minecraft:sneak_time":1,"minecraft:walk_under_water_one_cm":9289,"minecraft:jump":1928,"minecraft:walk_on_water_one_cm":26807,"minecraft:total_world_time":154176,"minecraft:fall_one_cm":39959},"minecraft:mined":{"minecraft:white_bed":6,"minecraft:glass_pane":3,"minecraft:mossy_cobblestone":2,"minecraft:oak_door":3,"minecraft:dandelion":2,"minecraft:oak_fence":31,"minecraft:crafting_table":1,"minecraft:grass_block":17,"minecraft:chest":1,"minecraft:tall_grass":57,"minecraft:cobblestone":52,"minecraft:oak_planks":115,"minecraft:wall_torch":4,"minecraft:white_terracotta":31,"minecraft:hay_block":15,"minecraft:carrots":44,"minecraft:wheat":69,"minecraft:spruce_log":18,"minecraft:grass":138,"minecraft:potatoes":17,"minecraft:oak_log":31,"minecraft:beetroots":6,"minecraft:dirt_path":8,"minecraft:oak_fence_gate":1,"minecraft:oak_stairs":39,"minecraft:stripped_oak_log":16,"minecraft:gravel":70,"minecraft:dirt":44,"minecraft:oak_leaves":7},"minecraft:picked_up":{"minecraft:wooden_axe":2,"minecraft:wheat":51,"minecraft:crafting_table":1,"minecraft:feather":5,"minecraft:chicken":3,"minecraft:leather":2,"minecraft:smithing_table":1,"minecraft:lead":2,"minecraft:potato":57,"minecraft:oak_stairs":62,"minecraft:flint":7,"minecraft:oak_log":32,"minecraft:shield":1,"minecraft:string":6,"minecraft:dirt":130,"minecraft:iron_axe":3,"minecraft:iron_leggings":2,"minecraft:beetroot":5,"minecraft:apple":1,"minecraft:wheat_seeds":187,"minecraft:oak_fence_gate":3,"minecraft:spruce_planks":548,"minecraft:stone_pickaxe":2,"minecraft:beef":5,"minecraft:iron_ingot":22,"minecraft:cooked_chicken":1,"minecraft:poppy":4,"minecraft:iron_pickaxe":5,"minecraft:oak_planks":169,"minecraft:birch_sapling":2,"minecraft:stone_hoe":1,"minecraft:iron_boots":4,"minecraft:egg":7,"minecraft:stick":1106,"minecraft:cooked_porkchop":1,"minecraft:oak_door":6,"minecraft:oak_fence":61,"minecraft:torch":8,"minecraft:dandelion":2,"minecraft:gravel":65,"minecraft:porkchop":3,"minecraft:stripped_spruce_log":2,"minecraft:white_bed":10,"minecraft:spruce_log":30,"minecraft:carrot":142,"minecraft:mossy_cobblestone":4,"minecraft:stone_shovel":1,"minecraft:rotten_flesh":5,"minecraft:beetroot_seeds":14,"minecraft:stone_axe":3,"minecraft:shears":3,"minecraft:hay_block":15,"minecraft:grass":20,"minecraft:bread":21,"minecraft:white_terracotta":62,"minecraft:oak_sapling":4,"minecraft:iron_chestplate":2,"minecraft:black_wool":3,"minecraft:mutton":8,"minecraft:stripped_oak_log":32,"minecraft:snowball":10,"minecraft:white_wool":16,"minecraft:cobblestone":92},"minecraft:killed_by":{"minecraft:player":1,"minecraft:stray":1,"minecraft:zombie":1,"minecraft:iron_golem":1},"minecraft:used":{"minecraft:cooked_mutton":3,"minecraft:stone_pickaxe":28,"minecraft:oak_planks":4,"minecraft:chest":1,"minecraft:stone_hoe":19,"minecraft:cooked_chicken":1,"minecraft:mossy_cobblestone":1,"minecraft:dirt":45,"minecraft:mutton":2,"minecraft:white_bed":9,"minecraft:shears":10,"minecraft:oak_log":1,"minecraft:wooden_axe":30,"minecraft:chicken":1,"minecraft:iron_axe":307,"minecraft:bread":5,"minecraft:iron_pickaxe":143,"minecraft:stone_axe":121,"minecraft:beef":4,"minecraft:furnace":1,"minecraft:oak_boat":1,"minecraft:wheat_seeds":65},"minecraft:killed":{"minecraft:cat":1,"minecraft:pig":1,"minecraft:iron_golem":2,"minecraft:sheep":6,"minecraft:chicken":1,"minecraft:cow":1},"minecraft:dropped":{"minecraft:stone_hoe":1,"minecraft:iron_ingot":15,"minecraft:furnace":1,"minecraft:stone_axe":1,"minecraft:wheat_seeds":19,"minecraft:cooked_chicken":1,"minecraft:smithing_table":1,"minecraft:crafting_table":1,"minecraft:cooked_porkchop":2,"minecraft:birch_sapling":1,"minecraft:oak_fence":60,"minecraft:cobblestone":22,"minecraft:lead":2,"minecraft:carrot":75,"minecraft:dirt":22,"minecraft:stick":1106,"minecraft:poppy":3,"minecraft:oak_fence_gate":3,"minecraft:potato":8,"minecraft:hay_block":15,"minecraft:torch":4,"minecraft:spruce_planks":548,"minecraft:mutton":6,"minecraft:spruce_log":27,"minecraft:stone_pickaxe":1,"minecraft:iron_pickaxe":1,"minecraft:white_wool":12},"minecraft:crafted":{"minecraft:cooked_beef":4,"minecraft:oak_planks":12,"minecraft:cooked_porkchop":1,"minecraft:cooked_chicken":2,"minecraft:smithing_table":2,"minecraft:furnace":2,"minecraft:oak_wood":3,"minecraft:cooked_mutton":27,"minecraft:oak_boat":1,"minecraft:chest":1}},"DataVersion":3465}