{"stats":{"minecraft:broken":{"minecraft:iron_axe":1,"minecraft:stone_axe":1},"minecraft:custom":{"minecraft:mob_kills":13,"minecraft:interact_with_crafting_table":8,"minecraft:bell_ring":74,"minecraft:time_since_death":13584,"minecraft:sprint_one_cm":308511,"minecraft:walk_one_cm":631900,"minecraft:drop":327,"minecraft:play_time":226176,"minecraft:deaths":7,"minecraft:sneak_time":1,"minecraft:walk_under_water_one_cm":10587,"minecraft:boat_one_cm":16438,"minecraft:jump":2694,"minecraft:walk_on_water_one_cm":28613,"minecraft:total_world_time":226176,"minecraft:interact_with_furnace":16,"minecraft:sleep_in_bed":12,"minecraft:time_since_rest":13673,"minecraft:damage_taken":2485,"minecraft:damage_dealt":4784,"minecraft:swim_one_cm":18874,"minecraft:fly_one_cm":148389,"minecraft:open_chest":31,"minecraft:fall_one_cm":54326},"minecraft:mined":{"minecraft:white_bed":6,"minecraft:mossy_cobblestone":2,"minecraft:deepslate_diamond_ore":3,"minecraft:oak_door":3,"minecraft:granite":1,"minecraft:grass_block":20,"minecraft:hay_block":15,"minecraft:redstone_ore":1,"minecraft:carrots":44,"minecraft:iron_ore":18,"minecraft:stripped_spruce_log":3,"minecraft:deepslate_lapis_ore":5,"minecraft:peony":4,"minecraft:pointed_dripstone":7,"minecraft:potatoes":17,"minecraft:deepslate_iron_ore":9,"minecraft:dirt_path":8,"minecraft:oak_stairs":39,"minecraft:stripped_oak_log":16,"minecraft:stone":58,"minecraft:deepslate_redstone_ore":14,"minecraft:glass_pane":3,"minecraft:dandelion":3,"minecraft:oak_fence":32,"minecraft:crafting_table":1,"minecraft:torch":1,"minecraft:chest":1,"minecraft:cobblestone":55,"minecraft:tall_grass":59,"minecraft:lapis_ore":5,"minecraft:deepslate_gold_ore":18,"minecraft:oak_planks":117,"minecraft:wall_torch":7,"minecraft:white_terracotta":31,"minecraft:wheat":100,"minecraft:spruce_log":65,"minecraft:grass":169,"minecraft:coal_ore":57,"minecraft:oak_log":31,"minecraft:beetroots":6,"minecraft:oak_fence_gate":1,"minecraft:dripstone_block":1,"minecraft:gravel":71,"minecraft:dirt":53,"minecraft:gold_ore":1,"minecraft:oak_leaves":19,"minecraft:deepslate":21},"minecraft:picked_up":{"minecraft:wooden_axe":2,"minecraft:iron_chestplate":4,"minecraft:crafting_table":2,"minecraft:wheat":93,"minecraft:chicken":3,"minecraft:smithing_table":1,"minecraft:lead":2,"minecraft:oak_stairs":62,"minecraft:shield":1,"minecraft:string":9,"minecraft:iron_axe":3,"minecraft:iron_leggings":4,"minecraft:iron_shovel":1,"minecraft:beetroot":5,"minecraft:cobbled_deepslate":22,"minecraft:spruce_planks":548,"minecraft:beef":5,"minecraft:poppy":4,"minecraft:iron_pickaxe":11,"minecraft:birch_sapling":2,"minecraft:furnace":1,"minecraft:iron_boots":4,"minecraft:egg":7,"minecraft:raw_iron":128,"minecraft:stick":1118,"minecraft:oak_door":9,"minecraft:oak_fence":62,"minecraft:torch":135,"minecraft:porkchop":3,"minecraft:pointed_dripstone":33,"minecraft:carrot":142,"minecraft:redstone":199,"minecraft:arrow":19,"minecraft:rotten_flesh":14,"minecraft:stone_shovel":1,"minecraft:beetroot_seeds":14,"minecraft:peony":4,"minecraft:shears":3,"minecraft:hay_block":15,"minecraft:white_terracotta":62,"minecraft:mutton":8,"minecraft:snowball":10,"minecraft:white_wool":44,"minecraft:cobblestone":274,"minecraft:stripped_oak_log":32,"minecraft:feather":5,"minecraft:cooked_beef":8,"minecraft:leather":2,"minecraft:potato":57,"minecraft:flint":7,"minecraft:oak_log":32,"minecraft:lapis_lazuli":218,"minecraft:dirt":156,"minecraft:bone":11,"minecraft:apple":23,"minecraft:bow":4,"minecraft:wheat_seeds":315,"minecraft:raw_gold":24,"minecraft:cooked_chicken":1,"minecraft:iron_ingot":22,"minecraft:oak_fence_gate":3,"minecraft:stone_pickaxe":2,"minecraft:iron_sword":1,"minecraft:stone_hoe":1,"minecraft:oak_planks":189,"minecraft:cooked_porkchop":1,"minecraft:dandelion":6,"minecraft:dripstone_block":3,"minecraft:gravel":70,"minecraft:stripped_spruce_log":5,"minecraft:spruce_sapling":1,"minecraft:white_bed":10,"minecraft:spruce_log":119,"minecraft:spider_eye":1,"minecraft:mossy_cobblestone":4,"minecraft:diamond":3,"minecraft:stone_axe":5,"minecraft:iron_helmet":3,"minecraft:granite":2,"minecraft:grass":20,"minecraft:bread":21,"minecraft:oak_sapling":4,"minecraft:black_wool":9,"minecraft:coal":92,"minecraft:oak_leaves":2},"minecraft:killed_by":{"minecraft:player":1,"minecraft:stray":1,"minecraft:iron_golem":1,"minecraft:zombie":1},"minecraft:used":{"minecraft:oak_fence":1,"minecraft:iron_shovel":1,"minecraft:chest":1,"minecraft:iron_sword":3,"minecraft:stone_hoe":19,"minecraft:cooked_chicken":2,"minecraft:torch":5,"minecraft:dirt":45,"minecraft:mutton":2,"minecraft:wooden_axe":30,"minecraft:iron_axe":307,"minecraft:beef":4,"minecraft:furnace":1,"minecraft:wheat_seeds":65,"minecraft:cooked_mutton":3,"minecraft:stone_pickaxe":28,"minecraft:oak_planks":51,"minecraft:mossy_cobblestone":1,"minecraft:white_bed":9,"minecraft:shears":12,"minecraft:spruce_log":33,"minecraft:oak_log":1,"minecraft:apple":9,"minecraft:chicken":1,"minecraft:bread":5,"minecraft:iron_pickaxe":379,"minecraft:spruce_sapling":1,"minecraft:stone_axe":207,"minecraft:cobblestone":11,"minecraft:oak_boat":1},"minecraft:killed":{"minecraft:chicken":1,"minecraft:cat":1,"minecraft:pig":1,"minecraft:iron_golem":2,"minecraft:sheep":6,"minecraft:cow":1},"minecraft:crafted":{"minecraft:oak_planks":12,"minecraft:cooked_chicken":2,"minecraft:furnace":2,"minecraft:cooked_mutton":27,"minecraft:chest":1,"minecraft:cooked_beef":11,"minecraft:cooked_porkchop":1,"minecraft:smithing_table":2,"minecraft:oak_wood":3,"minecraft:oak_boat":1,"minecraft:iron_ingot":6},"minecraft:dropped":{"minecraft:stone_hoe":1,"minecraft:iron_ingot":15,"minecraft:stripped_spruce_log":3,"minecraft:wheat_seeds":167,"minecraft:oak_log":5,"minecraft:mossy_cobblestone":1,"minecraft:diamond":3,"minecraft:smithing_table":1,"minecraft:crafting_table":1,"minecraft:cooked_porkchop":2,"minecraft:oak_fence":60,"minecraft:cobblestone":22,"minecraft:lead":2,"minecraft:granite":2,"minecraft:coal":21,"minecraft:stick":1106,"minecraft:dirt":60,"minecraft:torch":37,"minecraft:mutton":6,"minecraft:oak_stairs":30,"minecraft:iron_pickaxe":3,"minecraft:white_wool":12,"minecraft:dandelion":2,"minecraft:bone":2,"minecraft:oak_door":6,"minecraft:furnace":2,"minecraft:stone_axe":1,"minecraft:cooked_chicken":1,"minecraft:birch_sapling":1,"minecraft:rotten_flesh":1,"minecraft:stripped_oak_log":16,"minecraft:carrot":75,"minecraft:poppy":3,"minecraft:oak_fence_gate":3,"minecraft:potato":8,"minecraft:hay_block":15,"minecraft:spruce_planks":548,"minecraft:spruce_log":41,"minecraft:stone_pickaxe":1,"minecraft:oak_leaves":2}},"DataVersion":3465}