{"stats":{"minecraft:broken":{"minecraft:iron_axe":1,"minecraft:stone_axe":1},"minecraft:custom":{"minecraft:mob_kills":13,"minecraft:interact_with_crafting_table":7,"minecraft:bell_ring":74,"minecraft:time_since_death":47016,"minecraft:sprint_one_cm":268364,"minecraft:walk_one_cm":506744,"minecraft:drop":278,"minecraft:play_time":190176,"minecraft:deaths":5,"minecraft:sneak_time":1,"minecraft:walk_under_water_one_cm":10587,"minecraft:boat_one_cm":16438,"minecraft:jump":2273,"minecraft:walk_on_water_one_cm":28613,"minecraft:total_world_time":190176,"minecraft:interact_with_furnace":13,"minecraft:sleep_in_bed":12,"minecraft:time_since_rest":20546,"minecraft:damage_taken":1981,"minecraft:damage_dealt":4447,"minecraft:swim_one_cm":18874,"minecraft:fly_one_cm":136223,"minecraft:open_chest":31,"minecraft:fall_one_cm":47514},"minecraft:mined":{"minecraft:white_bed":6,"minecraft:mossy_cobblestone":2,"minecraft:oak_door":3,"minecraft:granite":1,"minecraft:grass_block":20,"minecraft:hay_block":15,"minecraft:carrots":44,"minecraft:iron_ore":17,"minecraft:stripped_spruce_log":3,"minecraft:peony":4,"minecraft:potatoes":17,"minecraft:dirt_path":8,"minecraft:oak_stairs":39,"minecraft:stripped_oak_log":16,"minecraft:stone":45,"minecraft:glass_pane":3,"minecraft:dandelion":3,"minecraft:oak_fence":32,"minecraft:crafting_table":1,"minecraft:chest":1,"minecraft:cobblestone":55,"minecraft:tall_grass":59,"minecraft:oak_planks":117,"minecraft:wall_torch":5,"minecraft:white_terracotta":31,"minecraft:wheat":100,"minecraft:spruce_log":65,"minecraft:grass":169,"minecraft:coal_ore":48,"minecraft:oak_log":31,"minecraft:beetroots":6,"minecraft:oak_fence_gate":1,"minecraft:gravel":70,"minecraft:dirt":53,"minecraft:oak_leaves":19},"minecraft:picked_up":{"minecraft:wooden_axe":2,"minecraft:iron_chestplate":2,"minecraft:crafting_table":1,"minecraft:wheat":63,"minecraft:chicken":3,"minecraft:smithing_table":1,"minecraft:lead":2,"minecraft:oak_stairs":62,"minecraft:shield":1,"minecraft:string":6,"minecraft:iron_axe":3,"minecraft:iron_leggings":2,"minecraft:iron_shovel":1,"minecraft:beetroot":5,"minecraft:spruce_planks":548,"minecraft:beef":5,"minecraft:poppy":4,"minecraft:iron_pickaxe":8,"minecraft:birch_sapling":2,"minecraft:iron_boots":4,"minecraft:egg":7,"minecraft:raw_iron":21,"minecraft:stick":1110,"minecraft:oak_door":6,"minecraft:oak_fence":62,"minecraft:torch":41,"minecraft:porkchop":3,"minecraft:carrot":142,"minecraft:arrow":16,"minecraft:rotten_flesh":5,"minecraft:stone_shovel":1,"minecraft:beetroot_seeds":14,"minecraft:peony":4,"minecraft:shears":3,"minecraft:hay_block":15,"minecraft:white_terracotta":62,"minecraft:mutton":8,"minecraft:snowball":10,"minecraft:white_wool":24,"minecraft:cobblestone":140,"minecraft:stripped_oak_log":32,"minecraft:feather":5,"minecraft:leather":2,"minecraft:potato":57,"minecraft:flint":7,"minecraft:oak_log":32,"minecraft:dirt":137,"minecraft:apple":1,"minecraft:bow":1,"minecraft:wheat_seeds":236,"minecraft:cooked_chicken":1,"minecraft:iron_ingot":22,"minecraft:oak_fence_gate":3,"minecraft:stone_pickaxe":2,"minecraft:stone_hoe":1,"minecraft:oak_planks":171,"minecraft:cooked_porkchop":1,"minecraft:dandelion":3,"minecraft:gravel":65,"minecraft:stripped_spruce_log":5,"minecraft:spruce_sapling":1,"minecraft:white_bed":10,"minecraft:spruce_log":91,"minecraft:mossy_cobblestone":4,"minecraft:stone_axe":3,"minecraft:iron_helmet":1,"minecraft:granite":1,"minecraft:grass":20,"minecraft:bread":21,"minecraft:oak_sapling":4,"minecraft:black_wool":5,"minecraft:coal":62,"minecraft:oak_leaves":2},"minecraft:killed_by":{"minecraft:player":1,"minecraft:stray":1,"minecraft:iron_golem":1,"minecraft:zombie":1},"minecraft:used":{"minecraft:oak_fence":1,"minecraft:iron_shovel":1,"minecraft:chest":1,"minecraft:stone_hoe":19,"minecraft:cooked_chicken":1,"minecraft:torch":1,"minecraft:dirt":45,"minecraft:mutton":2,"minecraft:wooden_axe":30,"minecraft:iron_axe":307,"minecraft:beef":4,"minecraft:furnace":1,"minecraft:wheat_seeds":65,"minecraft:cooked_mutton":3,"minecraft:stone_pickaxe":28,"minecraft:oak_planks":51,"minecraft:mossy_cobblestone":1,"minecraft:white_bed":9,"minecraft:shears":12,"minecraft:spruce_log":33,"minecraft:oak_log":1,"minecraft:apple":8,"minecraft:chicken":1,"minecraft:bread":5,"minecraft:iron_pickaxe":258,"minecraft:spruce_sapling":1,"minecraft:stone_axe":207,"minecraft:cobblestone":11,"minecraft:oak_boat":1},"minecraft:killed":{"minecraft:chicken":1,"minecraft:cat":1,"minecraft:pig":1,"minecraft:iron_golem":2,"minecraft:sheep":6,"minecraft:cow":1},"minecraft:crafted":{"minecraft:oak_planks":12,"minecraft:cooked_chicken":2,"minecraft:furnace":2,"minecraft:cooked_mutton":27,"minecraft:chest":1,"minecraft:cooked_beef":4,"minecraft:cooked_porkchop":1,"minecraft:smithing_table":2,"minecraft:oak_wood":3,"minecraft:oak_boat":1},"minecraft:dropped":{"minecraft:stone_hoe":1,"minecraft:iron_ingot":15,"minecraft:wheat_seeds":19,"minecraft:smithing_table":1,"minecraft:crafting_table":1,"minecraft:cooked_porkchop":2,"minecraft:oak_fence":60,"minecraft:cobblestone":22,"minecraft:lead":2,"minecraft:stick":1106,"minecraft:dirt":22,"minecraft:torch":4,"minecraft:mutton":6,"minecraft:iron_pickaxe":3,"minecraft:white_wool":12,"minecraft:furnace":1,"minecraft:stone_axe":1,"minecraft:cooked_chicken":1,"minecraft:birch_sapling":1,"minecraft:carrot":75,"minecraft:poppy":3,"minecraft:oak_fence_gate":3,"minecraft:potato":8,"minecraft:hay_block":15,"minecraft:spruce_planks":548,"minecraft:spruce_log":41,"minecraft:stone_pickaxe":1}},"DataVersion":3465}